Date,Thermal Generation Actual (in MU),Thermal Generation Estimated (in MU),Nuclear Generation Actual (in MU),Nuclear Generation Estimated (in MU),Hydro Generation Actual (in MU),Hydro Generation Estimated (in MU)
2017-09-01,2777.9100000000003,2532.39,118.25999999999999,89.18,567.42,497.69
2017-09-02,2777.9100000000003,2563.37,118.25999999999999,92.28,567.42,495.64
2017-09-03,2777.7700000000004,2533.23,118.25999999999999,92.57,567.42,473.04999999999995
2017-09-04,2777.7700000000004,2714.2799999999997,118.25999999999999,92.62,567.42,500.36
2017-09-05,2790.8500000000004,2779.65,118.25999999999999,92.71,567.42,470.16
2017-09-06,2808.53,2831.11,118.25999999999999,93.11,567.42,499.97
2017-09-07,2818.06,2879.52,118.25999999999999,93.09,567.42,501.79999999999995
2017-09-08,2828.45,2905.2400000000002,118.25999999999999,93.16,567.42,497.74000000000007
2017-09-09,2834.3300000000004,2945.65,118.25999999999999,93.22999999999999,567.42,494.27
2017-09-10,2826.12,2952.3300000000004,118.25999999999999,94.08000000000001,567.42,460.63999999999993
2017-09-11,2829.37,2971.0500000000006,118.25999999999999,94.03,567.42,522.56
2017-09-12,2829.37,2987.1099999999997,118.25999999999999,93.05000000000001,567.42,530.74
2017-09-13,2834.15,3031.18,118.25999999999999,89.43,567.42,504.62
2017-09-14,2839.56,3000.3999999999996,118.25999999999999,83.87,567.42,479.46000000000004
2017-09-15,2866.57,3008.53,118.25999999999999,80.32,567.42,474.34
2017-09-16,2879.78,3004.39,118.25999999999999,82.62,567.42,411.5
2017-09-17,2870.9,2791.4199999999996,118.25999999999999,89.69,567.42,390.54
2017-09-18,2870.9,2773.7200000000003,118.25999999999999,87.7,567.42,400.94
2017-09-19,2870.9,2796.98,118.25999999999999,85.23,567.42,404.46000000000004
2017-09-20,2855.63,2786.0400000000004,118.25999999999999,85.13,567.42,424.95000000000005
2017-09-21,2867.8300000000004,2843.8100000000004,118.25999999999999,85.25,567.42,449.42999999999995
2017-09-22,1072.53,961.5000000000001,0.0,0.0,116.72,68.54
2017-09-23,2862.3200000000006,2713.2700000000004,118.25999999999999,89.49000000000001,567.42,497.92
2017-09-24,2866.7500000000005,2712.45,118.25999999999999,90.64,567.42,470.32000000000005
2017-09-25,2870.5800000000004,2806.2700000000004,118.25999999999999,90.63999999999999,567.42,498.23
2017-09-26,2873.1800000000003,2902.1600000000003,118.25999999999999,87.97,567.42,472.20000000000005
2017-09-27,2873.1800000000003,2926.6600000000003,118.25999999999999,81.55,567.42,459.1
2017-09-28,2877.07,2883.69,118.25999999999999,81.82,567.42,450.84
2017-09-29,2887.58,2785.33,118.25999999999999,92.89000000000001,567.42,439.88999999999993
2017-09-30,2887.58,2704.21,118.25999999999999,93.12,567.42,423.66999999999996
2017-10-01,2861.41,2668.3700000000003,98.66,93.17,387.16,385.16
2017-10-03,2861.41,2855.92,98.66,94.77,387.16,428.36
2017-10-04,2861.41,2891.62,98.66,96.72,387.16,449.56
2017-10-05,2856.93,2959.28,98.66,98.03999999999999,387.16,427.04
2017-10-06,2862.54,2957.2200000000003,98.66,98.57,387.16,406.90999999999997
2017-10-07,2862.54,2960.54,98.66,98.96000000000001,387.16,402.26
2017-10-08,2871.42,2843.55,98.66,99.19999999999999,387.16,380.64
2017-10-09,2875.8999999999996,2882.1399999999994,98.66,98.99,387.16,395.67
2017-10-10,2875.8999999999996,2908.13,98.66,97.94,387.16,413.96000000000004
2017-10-11,2891.8999999999996,2924.24,98.66,98.34,387.16,402.34999999999997
2017-10-12,2891.8999999999996,2939.66,98.66,98.83,387.16,399.90000000000003
2017-10-13,2891.8999999999996,2926.9300000000003,98.66,99.41,387.16,397.88
2017-10-14,2888.8599999999997,2896.12,98.66,99.32,387.16,381.44
2017-10-15,2899.42,2751.86,98.66,99.64,387.16,371.89000000000004
2017-10-16,2900.3799999999997,2805.88,98.66,101.42,387.16,350.16
2017-10-17,2903.42,2904.1,98.66,103.91,387.16,360.82
2017-10-18,2890.42,2835.87,98.66,105.58,387.16,337.35999999999996
2017-10-19,2902.9,2666.31,98.66,94.82000000000001,387.16,329.48999999999995
2017-10-20,2865.0800000000004,2563.03,98.66,96.75999999999999,387.16,328.98999999999995
2017-10-21,2854.03,2585.75,98.66,97.8,387.16,315.98999999999995
2017-10-22,2849.46,2593.89,98.66,99.56,387.16,302.37000000000006
2017-10-23,2857.77,2765.0299999999997,98.66,102.44,387.16,329.74
2017-10-24,2855.2900000000004,2903.2,98.66,104.53,387.16,319.86999999999995
2017-10-25,2865.1600000000003,2911.73,98.66,106.07,387.16,331.86
2017-10-26,2865.1600000000003,2882.93,98.66,106.25,387.16,320.14
2017-10-27,2867.2400000000002,2897.0099999999998,98.66,106.62,387.16,304.03000000000003
2017-10-28,2856.31,2895.9100000000003,98.66,107.35,387.16,288.74
2017-10-29,2856.31,2813.33,98.66,108.56,387.16,269.51
2017-10-30,2856.31,2832.14,98.66,108.94999999999999,387.16,272.01
2017-10-31,2863.31,2838.68,98.66,109.09,387.16,282.04
2017-11-01,2772.4200000000005,2823.6299999999997,89.8,109.18,285.6,262.25
2017-11-02,2772.4200000000005,2815.3199999999997,89.8,109.2,285.6,284.08
2017-11-03,2773.8100000000004,2813.0299999999997,89.8,109.46000000000001,285.6,277.58000000000004
2017-11-04,2773.8100000000004,2767.9900000000002,89.8,109.02000000000001,285.6,263.62
2017-11-05,2776.0000000000005,2714.74,89.8,103.64,285.6,230.71000000000004
2017-11-06,2776.0000000000005,2783.71,89.8,108.5,285.6,277.29
2017-11-07,2779.7500000000005,2835.17,89.8,108.51,285.6,277.21
2017-11-08,2789.5400000000004,2877.2899999999995,89.8,108.99000000000001,285.6,257.93
2017-11-09,2792.0400000000004,2907.34,89.8,109.28999999999999,285.6,256.90000000000003
2017-11-10,2786.9300000000003,2862.33,89.8,109.22,285.6,265.27
2017-11-11,2786.9300000000003,2809.3999999999996,94.3,109.27,285.6,256.93
2017-11-12,2784.4300000000003,2727.43,94.3,109.47999999999999,285.6,216.23000000000002
2017-11-13,2773.4300000000003,2789.7799999999997,94.3,109.42,285.6,253.43
2017-11-14,2774.9800000000005,2839.03,94.3,109.4,285.6,260.48
2017-11-15,2783.26,2810.7400000000002,94.3,109.28,285.6,245.3
2017-11-16,2790.7200000000003,2790.78,94.3,109.38,285.6,250.21000000000004
2017-11-17,2785.34,2804.17,94.3,109.35,285.6,252.81
2017-11-18,2782.35,2789.4300000000003,94.3,109.39000000000001,285.6,244.52000000000004
2017-11-19,2820.02,2723.22,94.3,109.27000000000001,285.6,225.65
2017-11-20,2786.9100000000003,2766.6600000000003,94.3,108.57,285.6,234.16
2017-11-21,2786.4100000000003,2795.19,94.3,128.85,285.6,220.86000000000004
2017-11-22,2776.8600000000006,2806.57,94.3,136.43,285.6,221.75
2017-11-23,2795.3600000000006,2820.08,94.3,136.76,285.6,214.22
2017-11-24,2795.3600000000006,2853.48,94.3,139.26,285.6,221.6
2017-11-25,2800.0099999999998,2808.18,94.3,136.8,285.6,215.19
2017-11-26,2802.92,2723.1099999999997,94.3,128.76999999999998,285.6,193.52
2017-11-27,2821.8300000000004,2781.54,94.3,124.24000000000001,285.6,239.26000000000002
2017-11-28,2824.4900000000002,2816.7999999999997,94.3,125.03,285.6,242.12999999999997
2017-11-29,2825.14,2785.5299999999997,94.3,128.76000000000002,285.6,232.20000000000002
2017-11-30,2828.4700000000003,2743.7099999999996,94.3,120.96,285.6,211.08
2017-12-01,2761.1099999999997,2690.78,76.00999999999999,130.45,251.93,208.9
2017-12-02,2782.41,2687.39,76.00999999999999,130.12,251.93,217.97
2017-12-03,2783.93,2608.3100000000004,76.00999999999999,131.25,251.93,202.22000000000003
2017-12-04,2797.29,2667.13,76.00999999999999,137.78,251.93,221.47000000000003
2017-12-05,2787.79,2592.99,76.00999999999999,141.45,251.93,221.98
2017-12-06,2807.3399999999997,2640.13,76.00999999999999,139.68,251.93,221.47
2017-12-07,2807.3399999999997,2695.66,76.00999999999999,140.89,251.93,223.38
2017-12-08,2807.3399999999997,2745.8900000000003,76.00999999999999,141.82999999999998,251.93,225.32999999999998
2017-12-09,2802.94,2749.18,76.00999999999999,141.78000000000003,251.93,235.07
2017-12-10,2795.7799999999993,2704.2900000000004,76.00999999999999,124.3,251.93,210.08
2017-12-11,2800.0199999999995,2724.8999999999996,81.91,114.87,251.93,247.4
2017-12-12,2791.5299999999997,2714.85,81.91,115.57,251.93,264.81
2017-12-13,2802.58,2833.5899999999997,81.91,115.81,251.93,258.43
2017-12-14,2813.14,2792.81,81.91,116.09,251.93,240.1
2017-12-15,2798.07,2788.0699999999997,81.91,116.2,251.93,232.67
2017-12-16,2815.25,2708.25,101.16,116.31,251.93,212.11999999999998
2017-12-17,2811.17,2651.76,101.16,116.39000000000001,251.93,190.69
2017-12-18,2814.6000000000004,2752.6,101.16,116.16,251.93,223.58
2017-12-19,2814.3900000000003,2790.32,101.16,109.61,251.93,222.29
2017-12-20,2816.6000000000004,2834.29,101.16,109.86000000000001,251.93,230.28
2017-12-21,2826.01,2831.09,101.16,109.67,251.93,225.56
2017-12-22,2830.8999999999996,2853.6600000000003,101.16,110.25999999999999,251.93,227.95
2017-12-23,2833.4499999999994,2838.5,101.16,125.01,251.93,229.56999999999996
2017-12-24,2828.7499999999995,2773.9399999999996,101.16,131.63,251.93,207.82999999999998
2017-12-25,2828.7499999999995,2814.85,101.16,132.28,251.93,210.63
2017-12-26,2854.0899999999997,2877.9,101.16,130.14,251.93,224.45000000000002
2017-12-27,2865.0800000000004,2873.5199999999995,101.16,129.35,251.93,215.23
2017-12-28,2873.5099999999998,2874.4,101.16,129.59,251.93,211.68000000000004
2017-12-29,2873.5099999999998,2879.62,101.16,129.6,251.93,217.52999999999997
2017-12-30,2877.91,2866.11,101.16,129.57999999999998,251.93,217.83999999999997
2017-12-31,2883.5099999999998,2811.65,101.16,130.01,251.93,196.20999999999998
2018-01-01,2903.71,2805.89,100.88,131.03,240.48,202.76
2018-01-02,2895.51,2876.93,100.88,134.29,240.48,211.84
2018-01-03,2895.51,2921.5,100.88,134.4,240.48,212.67
2018-01-04,2898.01,2948.01,100.88,133.01,240.48,218.64000000000001
2018-01-05,2900.6400000000003,2974.1900000000005,100.88,134.87,240.48,215.91000000000003
2018-01-06,2896.1200000000003,2936.3199999999997,100.88,134.99,240.48,223.42000000000002
2018-01-07,2893.29,2846.33,100.88,134.96,240.48,199.86
2018-01-08,2890.38,2915.8900000000003,100.88,130.51999999999998,240.48,208.50999999999996
2018-01-09,2908.46,2946.33,100.88,123.5,240.48,203.3
2018-01-10,2899.3,2958.9099999999994,100.88,123.28,240.48,204.52
2018-01-11,2904.76,2965.47,100.88,123.42,240.48,229.26999999999998
2018-01-12,2904.76,2996.68,100.88,124.3,240.48,236.43999999999997
2018-01-13,2914.9700000000003,3002.3500000000004,100.88,126.85,240.48,224.32999999999998
2018-01-14,2914.9700000000003,2800.2000000000003,100.88,129.21,240.48,204.98999999999998
2018-01-15,2915.4100000000003,2818.6599999999994,100.88,126.44999999999999,240.48,223.55999999999997
2018-01-16,2912.7400000000002,2914.7699999999995,100.88,118.88,240.48,238.31
2018-01-17,2902.05,2982.8300000000004,100.88,119.91,240.48,230.06
2018-01-18,2902.05,2962.6799999999994,100.88,119.83,240.48,225.42
2018-01-19,2902.05,2962.9399999999996,100.88,118.8,240.48,227.95
2018-01-20,2897.63,2953.8900000000003,100.88,118.83,240.48,226.76
2018-01-21,2897.63,2882.15,100.88,119.16,240.48,195.19
2018-01-22,2901.7000000000003,2931.28,100.88,119.49,240.48,225.31000000000003
2018-01-23,2899.01,2911.4300000000003,100.88,122.81,240.48,232.2
2018-01-24,2896.82,2934.3900000000003,100.88,122.41,240.48,222.19
2018-01-25,2888.57,2979.87,100.88,123.41,240.48,212.21
2018-01-26,2897.6900000000005,2836.45,100.88,123.17,240.48,182.11
2018-01-27,2898.41,2904.06,100.88,124.42,240.48,198.9
2018-01-28,2901.32,2883.27,100.88,129.97,240.48,184.37000000000003
2018-01-29,2905.15,2941.2099999999996,100.88,132.98000000000002,240.48,198.39999999999998
2018-01-30,2905.15,2931.1399999999994,100.88,132.0,240.48,201.29
2018-01-31,2909.15,2943.42,100.88,129.44,240.48,198.82
2018-02-01,2918.8999999999996,2950.49,100.93,128.64999999999998,268.53000000000003,187.03
2018-02-02,2918.8999999999996,2966.86,100.93,128.28,268.53000000000003,191.26000000000002
2018-02-03,2920.2099999999996,2930.1,100.93,127.9,268.53000000000003,193.58
2018-02-04,2920.2099999999996,2819.3599999999997,100.93,128.6,268.53000000000003,173.70999999999998
2018-02-05,2920.2099999999996,2916.94,100.93,129.38,268.53000000000003,187.0
2018-02-06,2926.9,2995.7200000000003,100.93,123.86,268.53000000000003,195.42
2018-02-07,2926.9,3016.2000000000003,100.93,123.85,268.53000000000003,214.09
2018-02-08,2926.9,3002.81,100.93,124.95,268.53000000000003,204.29999999999998
2018-02-09,2945.4999999999995,3023.2100000000005,100.93,127.99,268.53000000000003,211.02
2018-02-10,2945.4999999999995,2996.3100000000004,100.93,128.37,268.53000000000003,210.79
2018-02-11,2942.1,2809.7500000000005,100.93,128.45,268.53000000000003,172.29999999999998
2018-02-12,2939.6,2790.07,100.93,128.17000000000002,268.53000000000003,189.30999999999997
2018-02-13,2939.6,2824.14,100.93,128.07999999999998,268.53000000000003,189.49
2018-02-14,2939.6,2801.9399999999996,100.93,128.08999999999997,268.53000000000003,182.81
2018-02-15,2946.2,2844.27,122.5,127.88000000000001,268.53000000000003,191.66
2018-02-16,2949.0499999999997,2950.06,122.5,128.15,268.53000000000003,197.54999999999998
2018-02-17,2949.0499999999997,2959.35,122.5,127.87,268.53000000000003,203.04
2018-02-18,2956.0499999999997,2884.69,122.5,115.88000000000001,268.53000000000003,184.65
2018-02-19,2965.8499999999995,2932.9,122.5,102.16999999999999,268.53000000000003,221.27
2018-02-20,2960.6899999999996,3015.84,122.5,92.16,268.53000000000003,223.46000000000004
2018-02-21,2970.6899999999996,3031.1000000000004,122.5,93.1,268.53000000000003,219.58
2018-02-22,2975.1099999999997,3057.31,122.5,92.56,268.53000000000003,226.80999999999997
2018-02-23,2976.5099999999998,3048.53,122.5,91.58000000000001,268.53000000000003,216.29999999999998
2018-02-24,2976.5099999999998,2985.21,122.5,94.66,268.53000000000003,213.55
2018-02-25,2975.84,2903.62,122.5,104.85,268.53000000000003,183.79000000000002
2018-02-26,2975.2,2996.7499999999995,122.5,105.12,268.53000000000003,227.18
2018-02-27,2979.7,3043.4799999999996,122.5,105.15,268.53000000000003,235.18
2018-02-28,2986.2,3093.38,122.5,105.92999999999999,268.53000000000003,250.56000000000003
2018-03-01,2997.96,3073.39,118.37,105.03999999999999,302.77000000000004,230.10999999999996
2018-03-02,2997.96,2800.23,118.37,105.71000000000001,302.77000000000004,195.41
2018-03-03,2999.83,2824.2200000000003,118.37,105.68,302.77000000000004,228.76
2018-03-04,2999.83,2919.93,118.37,105.92,302.77000000000004,217.48
2018-03-05,2995.08,2993.6800000000003,118.37,105.44,302.77000000000004,247.88
2018-03-06,2994.43,3042.67,118.37,100.48,302.77000000000004,241.38000000000002
2018-03-07,2991.15,3058.19,118.37,101.13,302.77000000000004,236.1
2018-03-08,2990.5,3080.57,118.37,83.02,302.77000000000004,248.76999999999998
2018-03-09,2990.5,3067.97,118.37,77.93,302.77000000000004,256.07
2018-03-10,2990.5,3072.9,118.37,78.06,302.77000000000004,239.60999999999999
2018-03-11,2993.65,3026.8199999999997,118.37,79.41,302.77000000000004,200.34
2018-03-12,2994.35,3091.6400000000003,118.37,82.75999999999999,302.77000000000004,219.58
2018-03-13,2987.45,3103.5,118.37,92.76,302.77000000000004,227.07999999999998
2018-03-14,2977.2999999999997,3081.5600000000004,118.37,102.02,302.77000000000004,234.43
2018-03-15,2976.69,3121.2999999999997,118.37,104.2,302.77000000000004,240.01999999999998
2018-03-16,2976.04,3097.72,118.37,104.45,302.77000000000004,216.9
2018-03-17,2976.69,2977.5299999999997,118.37,105.51,302.77000000000004,215.59
2018-03-18,2976.69,2940.85,118.37,104.59,302.77000000000004,189.0
2018-03-19,2977.3399999999997,3029.83,118.37,107.87,302.77000000000004,211.59999999999997
2018-03-20,2977.99,3073.4900000000002,118.37,104.65,302.77000000000004,220.85999999999999
2018-03-21,2981.97,3054.68,118.37,104.4,302.77000000000004,219.3
2018-03-22,2985.82,3103.9000000000005,118.37,100.4,302.77000000000004,217.11
2018-03-23,2985.82,3139.1299999999997,118.37,100.99000000000001,302.77000000000004,225.22000000000003
2018-03-24,2985.82,3140.68,118.37,105.19,302.77000000000004,232.86
2018-03-25,2985.82,3048.48,118.37,102.08,302.77000000000004,205.56
2018-03-26,2989.92,3152.4500000000003,118.37,92.54,302.77000000000004,251.61
2018-03-27,2990.5699999999997,3185.8300000000004,118.37,95.26,302.77000000000004,262.71
2018-03-28,2990.5699999999997,3234.7400000000002,118.37,95.19,302.77000000000004,239.6
2018-03-29,2991.2200000000003,3251.46,118.37,95.47,302.77000000000004,241.14999999999998
2018-03-30,2991.87,3174.62,118.37,108.28,302.77000000000004,208.16
2018-03-31,2994.3999999999996,3045.4700000000003,118.37,108.52,302.77000000000004,189.71
2018-04-01,3041.17,2924.4700000000003,83.6,114.25,288.55,178.47
2018-04-02,3041.17,2972.21,83.6,115.87,288.55,222.92
2018-04-03,3065.6800000000003,3109.34,83.6,115.05000000000001,288.55,256.65999999999997
2018-04-04,3065.6800000000003,3152.83,83.6,115.58,288.55,259.0
2018-04-05,3005.19,3146.12,83.6,113.9,288.55,241.07
2018-04-06,3010.58,3133.89,83.6,112.02,288.55,237.32000000000002
2018-04-07,3010.58,3027.87,83.6,110.71000000000001,288.55,220.02999999999997
2018-04-08,3010.58,2887.02,83.6,111.7,288.55,199.72
2018-04-09,3010.58,2974.52,83.6,112.28,288.55,230.37
2018-04-10,3004.82,3040.0299999999997,83.6,112.39999999999999,288.55,251.13000000000002
2018-04-11,3007.1800000000003,3004.55,83.6,109.92999999999999,288.55,253.64999999999998
2018-04-12,3004.6800000000003,2979.76,83.6,108.85,288.55,250.98
2018-04-13,3001.9,3044.93,83.6,108.9,288.55,268.34000000000003
2018-04-14,2994.9900000000002,3047.7299999999996,83.6,110.53,288.55,278.8
2018-04-15,3001.9700000000003,2997.58,83.6,110.48,288.55,202.47
2018-04-16,2990.57,3153.2000000000003,83.6,110.46000000000001,288.55,238.86000000000004
2018-04-17,2985.94,3186.03,83.6,107.9,288.55,239.35
2018-04-18,2983.7,3150.0200000000004,83.6,107.14,288.55,232.34
2018-04-19,2983.7,3191.5199999999995,83.6,106.86000000000001,288.55,223.43000000000004
2018-04-20,2988.98,3098.97,83.6,106.84,288.55,236.26000000000002
2018-04-21,2994.3,3170.8,83.6,106.72,288.55,267.12
2018-04-22,2994.3,3057.71,83.6,107.55000000000001,288.55,225.95000000000002
2018-04-23,2994.3,3179.5000000000005,83.6,106.7,288.55,267.06
2018-04-24,2993.21,3182.8,83.6,107.42,288.55,276.13
2018-04-25,2993.21,3185.7999999999997,83.6,107.16,288.55,272.89
2018-04-26,2998.6099999999997,3184.92,83.6,107.22,288.55,287.94000000000005
2018-04-27,2998.6099999999997,3214.5,83.6,101.5,288.55,308.2300000000001
2018-04-28,2997.9399999999996,3203.8100000000004,83.6,90.25999999999999,288.55,320.14
2018-04-29,3000.4399999999996,3041.0,83.6,79.44,288.55,277.54
2018-04-30,3007.57,2979.7699999999995,83.6,80.75999999999999,288.55,298.15999999999997
2018-05-01,2976.8700000000003,2879.57,95.97999999999999,93.91,381.27,282.34000000000003
2018-05-02,2976.1900000000005,2917.7299999999996,95.97999999999999,104.15,381.27,330.58
2018-05-03,2977.36,2798.34,95.97999999999999,102.69,381.27,360.04
2018-05-04,2977.36,2987.5500000000006,95.97999999999999,94.12,381.27,355.9
2018-05-05,2977.4100000000003,3113.24,95.97999999999999,93.91999999999999,381.27,364.11000000000007
2018-05-06,2981.4900000000002,3010.3,95.97999999999999,97.28999999999999,381.27,299.23999999999995
2018-05-07,2981.4900000000002,3080.55,95.97999999999999,98.42,381.27,339.83
2018-05-08,2981.4900000000002,3032.36,95.97999999999999,98.18,381.27,350.52
2018-05-09,2985.07,3082.05,95.97999999999999,98.18,381.27,342.46999999999997
2018-05-10,2987.8700000000003,3143.67,81.42,97.75,381.27,342.81999999999994
2018-05-11,2992.3900000000003,3174.41,81.42,97.94,381.27,298.7
2018-05-12,2992.3900000000003,3091.01,81.42,97.97999999999999,381.27,295.87
2018-05-13,2992.3900000000003,2953.3,81.42,97.78999999999999,381.27,296.7
2018-05-14,2992.3900000000003,2868.3999999999996,81.42,98.13,381.27,323.34
2018-05-15,2986.1200000000003,3099.7599999999998,81.42,97.96,381.27,334.51
2018-05-16,3006.2500000000005,3122.0800000000004,85.17,98.18,381.27,332.03
2018-05-17,3006.2500000000005,3166.68,85.17,101.35,381.27,333.35999999999996
2018-05-18,3008.4600000000005,3155.9099999999994,85.17,101.69999999999999,381.27,346.15
2018-05-19,3010.4400000000005,3157.0,85.17,101.50999999999999,381.27,342.38
2018-05-20,3017.9600000000005,3055.62,85.17,101.41,381.27,310.69
2018-05-21,3015.4100000000003,3205.62,85.17,101.32,381.27,335.67
2018-05-22,3014.2000000000003,3332.06,85.17,101.95,381.27,345.40999999999997
2018-05-23,3014.5700000000006,3324.57,85.17,102.15,381.27,366.52000000000004
2018-05-24,3009.9600000000005,3287.72,85.17,102.63,381.27,364.42999999999995
2018-05-25,2992.7100000000005,3241.0599999999995,85.17,96.82,381.27,375.05
2018-05-26,2997.88,3232.6299999999997,85.17,91.83000000000001,381.27,408.84000000000003
2018-05-27,3002.48,3181.65,85.17,94.44999999999999,381.27,384.43999999999994
2018-05-28,3004.1000000000004,3258.9900000000002,85.17,95.35,381.27,372.86
2018-05-29,3004.1000000000004,3177.1099999999997,85.17,105.2,381.27,345.77000000000004
2018-05-30,3004.96,3208.03,85.17,114.19000000000001,381.27,363.89
2018-05-31,3004.96,3239.41,85.17,115.06,381.27,392.42
2018-06-01,2906.63,3115.67,119.07,114.09,434.55,393.07
2018-06-02,2904.27,3014.61,119.07,115.82,434.55,399.28999999999996
2018-06-03,2904.27,2879.2499999999995,119.07,88.75999999999999,434.55,418.43999999999994
2018-06-04,2907.98,3037.82,119.07,114.16,434.55,443.22
2018-06-05,2907.98,3069.13,119.07,114.6,434.55,445.37000000000006
2018-06-06,2921.98,2959.9500000000003,119.07,113.72999999999999,434.55,457.5
2018-06-07,2929.69,2944.63,119.07,114.60000000000001,434.55,400.11
2018-06-08,2929.69,2779.59,119.07,81.09,434.55,424.3
2018-06-09,2936.6900000000005,2465.4900000000002,119.07,109.10999999999999,434.55,425.84
2018-06-10,2945.0,2417.5899999999997,119.07,111.24000000000001,434.55,432.65999999999997
2018-06-11,2940.9,2660.57,119.07,114.99000000000001,434.55,465.74
2018-06-12,2932.2699999999995,2711.7900000000004,119.07,114.71000000000001,434.55,541.12
2018-06-13,2923.1899999999996,2654.3999999999996,119.07,104.28,434.55,493.03
2018-06-14,2923.1899999999996,2688.55,119.07,105.63,434.55,476.18999999999994
2018-06-15,2902.8199999999997,2846.2599999999998,119.07,105.68,434.55,484.55999999999995
2018-06-16,2891.2200000000003,2806.43,119.07,115.24000000000001,434.55,476.37
2018-06-17,2891.2200000000003,2603.3700000000003,119.07,114.8,434.55,430.58000000000004
2018-06-18,2893.91,2823.67,119.07,115.41,434.55,437.63999999999993
2018-06-19,2894.05,2972.51,119.07,114.82,434.55,408.86999999999995
2018-06-20,2890.9300000000003,3097.8499999999995,119.07,115.30000000000001,434.55,417.85
2018-06-21,2882.93,3150.65,119.07,114.8,434.55,432.40999999999997
2018-06-22,2883.17,3182.0,119.07,111.99000000000001,434.55,425.74
2018-06-23,2869.53,3139.7599999999998,119.07,108.98,434.55,431.16999999999996
2018-06-24,2873.35,2947.01,119.07,109.42,434.55,415.18000000000006
2018-06-25,2861.42,3019.18,119.07,109.19,434.55,423.38
2018-06-26,2875.7400000000002,2892.54,119.07,107.88,434.55,434.08
2018-06-27,2891.7900000000004,2815.0,119.07,111.47,434.55,424.32
2018-06-28,2891.7900000000004,2659.0599999999995,119.07,113.95999999999998,434.55,449.08000000000004
2018-06-29,2887.6800000000003,2746.32,119.07,113.64000000000001,434.55,459.3
2018-06-30,2887.6800000000003,2859.1800000000003,119.07,111.84,434.55,487.96999999999997
2018-07-01,2769.2599999999998,2777.38,84.87,107.47999999999999,498.48999999999995,475.58000000000004
2018-07-02,2769.0699999999997,2742.31,84.87,104.19,498.48999999999995,485.92999999999995
2018-07-03,2763.41,2635.1200000000003,84.87,105.49000000000001,498.48999999999995,483.90000000000003
2018-07-04,2760.08,2594.3199999999997,84.87,106.47999999999999,498.48999999999995,479.37999999999994
2018-07-05,2746.83,2774.75,84.87,106.61,498.48999999999995,458.65999999999997
2018-07-06,2763.29,2872.6600000000003,84.87,107.33,498.48999999999995,452.89000000000004
2018-07-07,2750.29,2920.7,84.87,108.98,498.48999999999995,459.59000000000003
2018-07-08,2771.8199999999997,2914.8599999999997,84.87,109.27,498.48999999999995,463.7
2018-07-09,2778.0099999999998,2886.29,84.87,109.68,498.48999999999995,485.13
2018-07-10,2751.2200000000003,2895.11,84.87,109.35,498.48999999999995,492.05
2018-07-11,2760.65,2784.9699999999993,84.87,109.49,498.48999999999995,490.40999999999997
2018-07-12,2761.3,2760.85,84.87,109.59,498.48999999999995,494.99
2018-07-13,2764.25,2666.74,84.87,110.14,498.48999999999995,488.38
2018-07-14,2764.25,2627.5899999999997,84.87,110.26,498.48999999999995,494.84999999999997
2018-07-15,2753.48,2564.32,84.87,109.59,498.48999999999995,490.62
2018-07-16,2775.18,2628.33,84.87,109.7,498.48999999999995,488.53000000000003
2018-07-17,2777.91,2632.5099999999998,84.87,109.12,498.48999999999995,510.59
2018-07-18,2788.12,2714.13,84.87,107.98,498.48999999999995,529.0
2018-07-19,2788.12,2739.24,84.87,108.43,498.48999999999995,546.4499999999999
2018-07-20,2801.99,2717.3999999999996,84.87,102.94,498.48999999999995,531.55
2018-07-21,2798.0099999999998,2543.96,84.87,104.44,498.48999999999995,526.23
2018-07-22,2817.66,2338.2,84.87,111.09,498.48999999999995,520.1200000000001
2018-07-23,2825.2599999999998,2506.9,84.87,114.17000000000002,498.48999999999995,532.35
2018-07-24,2786.1699999999996,2605.34,84.87,119.35,498.48999999999995,565.5199999999999
2018-07-25,2790.46,2534.2,84.87,118.48,498.48999999999995,555.4300000000001
2018-07-26,2822.21,2357.5099999999998,84.87,118.41,498.48999999999995,528.23
2018-07-27,2822.21,2378.56,84.87,122.49,498.48999999999995,543.9799999999999
2018-07-28,2811.9100000000003,2448.51,84.87,123.03,498.48999999999995,534.66
2018-07-29,2815.9,2436.36,84.87,126.35,498.48999999999995,555.0699999999999
2018-07-30,2822.1200000000003,2613.1600000000003,84.87,127.02000000000001,498.48999999999995,584.78
2018-07-31,2848.92,2648.4700000000007,84.87,126.72999999999999,498.48999999999995,550.98
2018-08-01,2847.0899999999997,2672.7999999999997,100.33,110.91,565.27,541.3900000000001
2018-08-02,2858.41,2736.37,100.33,86.19,565.27,564.98
2018-08-03,2861.35,2795.6100000000006,100.33,85.91,565.27,568.97
2018-08-04,2861.28,2823.9300000000003,100.33,82.05,565.27,566.24
2018-08-05,2854.42,2720.27,100.33,85.96000000000001,565.27,549.77
2018-08-06,2861.5800000000004,2735.3300000000004,100.33,86.85,565.27,551.0899999999999
2018-08-07,2850.5600000000004,2823.3700000000003,100.33,86.85,565.27,511.13000000000005
2018-08-08,2849.6800000000003,2858.23,100.33,86.81,565.27,536.33
2018-08-09,2859.94,2904.4500000000003,100.33,85.86,565.27,521.38
2018-08-10,2839.7599999999998,2929.7,100.33,85.41000000000001,565.27,552.53
2018-08-11,2855.7599999999998,2781.7,100.33,85.97,565.27,555.02
2018-08-12,2856.6099999999997,2565.8900000000003,100.33,85.41,565.27,555.68
2018-08-13,2857.49,2687.22,100.33,83.81,565.27,557.96
2018-08-14,2860.72,2792.85,100.33,85.4,565.27,594.33
2018-08-15,2848.34,2575.6200000000003,100.33,85.24000000000001,565.27,585.83
2018-08-16,2859.59,2595.7400000000002,100.33,87.00999999999999,565.27,605.49
2018-08-17,2853.46,2624.2,100.33,85.4,565.27,634.75
2018-08-18,2867.45,2692.06,100.33,86.58,565.27,595.38
2018-08-19,2883.79,2530.12,100.33,85.86,565.27,622.18
2018-08-20,2870.37,2573.01,100.33,86.59,565.27,637.8
2018-08-21,2865.22,2618.98,100.33,86.82,565.27,642.25
2018-08-22,2868.5,2656.86,100.33,86.74000000000001,565.27,650.35
2018-08-23,2866.35,2630.41,100.33,84.19,565.27,631.2
2018-08-24,2857.82,2663.2700000000004,100.33,81.25,565.27,614.12
2018-08-25,2863.42,2616.0699999999993,100.33,83.14,565.27,649.0699999999999
2018-08-26,2874.09,2444.3199999999997,100.33,86.31,565.27,637.5200000000001
2018-08-27,2886.62,2618.7299999999996,100.33,86.55,565.27,674.66
2018-08-28,2886.01,2688.66,100.33,86.52000000000001,565.27,682.08
2018-08-29,2896.23,2699.7899999999995,100.33,86.57,565.27,675.9900000000001
2018-08-30,2924.68,2695.7400000000002,100.33,86.65,565.27,673.13
2018-09-01,2892.2099999999996,2640.1200000000003,87.22999999999999,81.08,524.72,698.99
2018-09-02,2892.2099999999996,2468.32,87.22999999999999,81.17,524.72,677.82
2018-09-03,2892.2099999999996,2511.53,87.22999999999999,85.0,524.72,686.7
2018-09-04,2898.9599999999996,2616.4500000000003,87.22999999999999,85.85,524.72,659.29
2018-09-05,2909.27,2643.1499999999996,87.22999999999999,80.73,524.72,654.6600000000001
2018-09-06,2905.27,2677.85,87.22999999999999,80.89,524.72,619.48
2018-09-07,2912.4,2699.71,87.22999999999999,80.13,524.72,634.67
2018-09-08,2899.69,2723.03,87.22999999999999,75.3,524.72,657.2800000000001
2018-09-09,2887.94,2754.1000000000004,87.22999999999999,74.94,524.72,678.45
2018-09-10,2882.83,2907.35,87.22999999999999,79.56,524.72,666.22
2018-09-11,2889.3799999999997,2985.74,87.22999999999999,79.58,524.72,650.11
2018-09-12,2889.3799999999997,2996.82,87.22999999999999,80.06,524.72,607.58
2018-09-13,2903.0399999999995,3005.09,87.22999999999999,80.59,524.72,553.03
2018-09-14,2937.99,3120.46,87.22999999999999,94.65,524.72,570.5300000000001
2018-09-15,2944.4099999999994,3162.71,87.22999999999999,97.68,524.72,570.6200000000001
2018-09-16,2953.8799999999997,3162.11,87.22999999999999,97.47,524.72,507.75
2018-09-17,2953.8799999999997,3163.84,87.22999999999999,95.68,524.72,502.84999999999997
2018-09-18,2950.69,3193.43,87.22999999999999,91.74000000000001,524.72,479.09
2018-09-19,2953.6099999999997,3216.62,87.22999999999999,91.05,524.72,488.56
2018-09-20,2943.72,3197.1600000000003,87.22999999999999,88.11,524.72,497.49999999999994
2018-09-21,2944.12,3043.11,87.22999999999999,80.81,524.72,471.11
2018-09-22,2963.6699999999996,2758.43,87.22999999999999,81.98,524.72,510.97
2018-09-23,2975.0499999999997,2649.4900000000002,87.22999999999999,83.28999999999999,524.72,559.7
2018-09-24,2975.0499999999997,2784.7999999999997,87.22999999999999,82.89,524.72,598.33
2018-09-25,2988.12,2882.8099999999995,87.22999999999999,82.65,524.72,575.54
2018-09-26,3009.74,2972.6400000000003,87.22999999999999,83.75,524.72,553.9599999999999
2018-09-27,3014.24,3013.3799999999997,87.22999999999999,90.56,524.72,546.17
2018-09-28,3014.24,3083.09,87.22999999999999,91.67,524.72,529.0600000000001
2018-09-29,3014.24,3114.86,87.22999999999999,90.28,524.72,508.10999999999996
2018-09-30,3015.2999999999997,3031.32,87.22999999999999,91.77000000000001,524.72,507.0300000000001
2018-10-01,3019.27,3127.2599999999998,85.65,91.64,345.93,484.18
2018-10-02,3029.9500000000003,3094.87,85.65,95.53999999999999,345.93,460.90000000000003
2018-10-03,3025.9500000000003,3206.57,107.62,94.94999999999999,345.93,491.03000000000003
2018-10-04,3025.9500000000003,3215.07,107.62,94.46000000000001,345.93,489.73
2018-10-05,3029.1400000000003,3202.52,107.62,85.85,345.93,477.90000000000003
2018-10-06,3033.2200000000003,3177.7499999999995,107.62,82.50999999999999,345.93,479.44
2018-10-07,3033.2200000000003,3141.65,107.62,79.72,345.93,452.0999999999999
2018-10-08,3047.3900000000003,3229.7999999999997,107.62,83.33000000000001,345.93,485.96999999999997
2018-10-09,3049.7400000000002,3219.08,107.62,83.33000000000001,345.93,482.83
2018-10-10,3049.7400000000002,3269.42,107.62,83.16,345.93,459.33000000000004
2018-10-11,3054.36,3197.1,107.62,84.34,345.93,417.46999999999997
2018-10-12,3052.4800000000005,3164.97,107.62,95.49000000000001,345.93,431.17
2018-10-13,3053.3199999999997,3148.73,107.62,103.21000000000001,345.93,421.59
2018-10-14,3053.3199999999997,3086.2099999999996,107.62,101.71000000000001,345.93,405.88000000000005
2018-10-15,3048.01,3184.63,107.62,99.12,345.93,400.75
2018-10-16,3034.66,3193.2900000000004,112.0,100.71000000000001,345.93,400.15999999999997
2018-10-17,3037.66,3177.0799999999995,112.0,101.78,345.93,372.56
2018-10-18,3037.66,3071.02,112.0,90.11,345.93,351.27
2018-10-19,3039.23,3036.7200000000007,112.0,91.11,345.93,352.37
2018-10-20,3041.23,3079.19,112.0,90.58,345.93,373.52000000000004
2018-10-21,3039.23,3060.0299999999997,112.0,91.58,345.93,363.19000000000005
2018-10-22,3039.23,3106.31,112.0,101.89999999999999,345.93,397.54999999999995
2018-10-23,3039.6,3157.4100000000003,112.0,108.79999999999998,345.93,390.6
2018-10-24,3040.08,3170.96,112.0,111.63,345.93,371.38
2018-10-25,3043.22,3170.0299999999997,112.0,111.94,345.93,360.06000000000006
2018-10-26,3067.31,3115.9199999999996,112.0,112.44999999999999,345.93,345.46000000000004
2018-10-27,3067.31,3101.1000000000004,112.0,112.47,345.93,338.05
2018-10-28,3067.31,2986.4500000000003,112.0,112.83000000000001,345.93,315.21000000000004
2018-10-29,3071.77,3058.54,112.0,111.74,345.93,345.93
2018-10-30,3072.08,3088.37,112.0,113.19,345.93,359.46999999999997
2018-10-31,3080.77,3119.76,112.0,111.92,345.93,344.54
2018-11-01,3039.74,3144.03,117.1,109.16999999999999,261.58,314.18
2018-11-02,3047.14,3138.05,117.1,107.98,261.58,323.31
2018-11-03,3047.2799999999997,3070.58,117.1,109.37,261.58,330.31000000000006
2018-11-04,3051.06,2927.54,117.1,111.57,261.58,326.19
2018-11-05,3053.0200000000004,3046.3,117.1,111.28999999999999,261.58,326.84000000000003
2018-11-06,3040.9400000000005,3000.56,117.1,111.75999999999999,261.58,309.0
2018-11-07,3045.36,2792.66,117.1,112.17,261.58,266.37999999999994
2018-11-08,3045.36,2664.7999999999997,117.1,110.39,261.58,272.84000000000003
2018-11-09,3028.6,2771.6499999999996,117.1,110.28,261.58,292.83
2018-11-10,3002.3900000000003,2859.0900000000006,117.1,110.41,261.58,295.2
2018-11-11,3000.09,2868.39,117.1,110.35000000000001,261.58,271.05999999999995
2018-11-12,2989.21,2954.4300000000003,117.1,111.3,261.58,297.51
2018-11-13,2989.21,2996.76,117.1,110.78999999999999,261.58,295.01
2018-11-14,2988.42,2987.79,117.1,110.68,261.58,294.22
2018-11-15,2980.2799999999997,2953.84,117.1,110.8,261.58,286.85999999999996
2018-11-16,2990.95,2891.6400000000003,121.63,109.44,261.58,270.03
2018-11-17,2990.95,2935.33,121.63,110.21000000000001,261.58,280.66999999999996
2018-11-18,2988.31,2905.29,121.63,105.19999999999999,261.58,250.96
2018-11-19,2984.23,2979.52,121.63,99.12,261.58,267.03
2018-11-20,2952.7599999999998,2975.6400000000003,121.63,95.75,261.58,262.9
2018-11-21,2955.06,2978.0000000000005,121.63,91.06,261.58,259.21000000000004
2018-11-22,2958.1699999999996,2944.81,121.63,92.61,261.58,252.93
2018-11-23,2963.3799999999997,2903.85,121.63,92.58,261.58,260.6
2018-11-24,2967.4599999999996,2934.81,121.63,94.07,261.58,271.99
2018-11-25,2976.99,2878.66,121.63,94.32,261.58,240.47
2018-11-26,2985.6299999999997,2931.8800000000006,121.63,94.28999999999999,261.58,254.97000000000006
2018-11-27,2985.6299999999997,2946.7599999999998,121.63,94.49000000000001,261.58,259.09
2018-11-28,2985.6299999999997,2941.88,121.63,93.35,261.58,235.41000000000003
2018-11-29,2985.6299999999997,2949.3199999999997,121.63,93.61000000000001,261.58,250.52
2018-11-30,3003.69,2948.6200000000003,121.63,94.69,261.58,250.89999999999998
2018-12-01,2915.25,2914.5899999999997,108.46,91.32,231.08,239.50999999999996
2018-12-02,2925.82,2825.0,108.46,94.84,231.08,213.24
2018-12-03,2925.82,2888.4600000000005,108.46,94.11,231.08,242.47
2018-12-04,2942.5,2924.5099999999998,108.46,91.64,231.08,237.99999999999997
2018-12-05,2937.53,2954.86,108.46,94.9,231.08,261.63
2018-12-06,2961.4500000000003,2977.8,108.46,97.66,231.08,257.56
2018-12-07,2964.4300000000003,2943.9700000000003,108.46,98.80000000000001,231.08,241.68
2018-12-08,2960.81,2925.11,108.46,99.06,231.08,245.87
2018-12-09,2963.4600000000005,2860.57,108.46,100.02000000000001,231.08,227.13
2018-12-10,2975.81,2938.86,108.46,99.93,231.08,253.46
2018-12-11,2991.6600000000003,2951.87,108.46,99.05,231.08,254.58999999999997
2018-12-12,2979.75,2920.54,108.46,99.17999999999999,231.08,255.96
2018-12-13,2993.54,2906.86,108.46,96.91,231.08,243.55
2018-12-14,2977.8500000000004,2847.17,108.46,98.18,231.08,231.15
2018-12-15,2979.84,2781.68,108.46,99.19,231.08,242.34
2018-12-16,2985.65,2714.24,108.46,99.15,231.08,222.29000000000002
2018-12-17,2992.2000000000003,2779.09,108.46,97.16999999999999,231.08,239.78000000000003
2018-12-18,2992.2000000000003,2812.68,108.46,94.77,231.08,250.18
2018-12-19,2997.6200000000003,2853.35,108.46,94.88,231.08,273.21999999999997
2018-12-20,3006.4300000000003,2895.4199999999996,108.46,94.91,231.08,285.24999999999994
2018-12-21,3021.9900000000002,2950.21,108.46,94.78,231.08,283.45
2018-12-22,3027.25,2953.01,108.46,93.59,231.08,259.41
2018-12-23,3027.89,2851.1999999999994,108.46,94.19999999999999,231.08,226.65
2018-12-24,3033.62,2879.4599999999996,108.46,94.19999999999999,231.08,250.21
2018-12-25,3044.5,2908.03,108.46,94.58,231.08,256.04
2018-12-26,3058.5699999999997,2979.99,108.46,93.1,231.08,263.67
2018-12-27,3066.72,3010.3799999999997,108.46,91.65,231.08,261.29999999999995
2018-12-28,3066.72,2994.92,108.46,94.85,231.08,250.85
2018-12-29,3066.72,2933.7700000000004,108.46,86.97999999999999,231.08,245.9
2018-12-30,3071.72,2837.11,108.46,87.8,231.08,222.94
2018-12-31,3082.5899999999997,2901.98,108.46,91.97,231.08,245.69999999999996
2019-01-01,3114.04,2895.1,106.83999999999999,89.63,225.7,234.63000000000002
2019-01-02,3114.04,2924.6099999999997,106.83999999999999,90.22,225.7,239.2
2019-01-03,3114.9,2945.95,106.83999999999999,99.2,225.7,248.49
2019-01-04,3114.9,2989.44,106.83999999999999,102.18,225.7,240.04000000000002
2019-01-05,3109.14,2949.2499999999995,106.83999999999999,101.99,225.7,232.93
2019-01-06,3105.74,2809.81,106.83999999999999,101.65,225.7,221.8
2019-01-07,3121.18,2882.23,106.83999999999999,101.82000000000001,225.7,219.54999999999998
2019-01-08,3123.5099999999998,2988.47,106.83999999999999,101.63,225.7,212.89000000000001
2019-01-09,3133.8599999999997,2972.2900000000004,106.83999999999999,100.2,225.7,218.8
2019-01-10,3118.3999999999996,2997.3199999999997,106.83999999999999,100.94,225.7,225.27999999999997
2019-01-11,3122.64,3036.04,106.83999999999999,99.30000000000001,225.7,221.42000000000002
2019-01-12,3113.73,3026.7700000000004,106.83999999999999,97.71000000000001,225.7,219.21999999999997
2019-01-13,3113.73,2903.53,106.83999999999999,97.73,225.7,195.45
2019-01-14,3111.99,2810.5900000000006,106.83999999999999,97.57,225.7,211.19
2019-01-15,3113.17,2874.6499999999996,110.6,97.37,225.7,208.24999999999997
2019-01-16,3119.21,2949.09,110.6,97.35,225.7,207.23000000000002
2019-01-17,3105.74,2968.0899999999997,110.6,97.13,225.7,226.32000000000002
2019-01-18,3114.5299999999997,3008.85,110.6,97.61999999999999,225.7,232.49
2019-01-19,3114.5299999999997,2994.83,110.6,98.1,225.7,232.79
2019-01-20,3115.27,2893.69,110.6,95.46000000000001,225.7,203.38000000000002
2019-01-21,3115.27,2861.27,110.6,96.17000000000002,225.7,237.74
2019-01-22,3116.1299999999997,2829.8199999999997,110.6,94.32,225.7,247.53
2019-01-23,3124.5099999999998,2960.96,110.6,93.86,225.7,249.57999999999998
2019-01-24,3112.8,2918.6899999999996,110.6,93.82,225.7,242.18
2019-01-25,3110.38,2892.84,110.6,92.46000000000001,225.7,241.58999999999997
2019-01-26,3113.05,2697.78,110.6,94.6,225.7,224.23000000000002
2019-01-27,3113.2,2683.4,110.6,95.7,225.7,222.06
2019-01-28,3103.64,2810.11,110.6,95.97,225.7,247.21
2019-01-29,3103.64,2875.4,110.6,96.13,225.7,239.02999999999997
2019-01-30,3100.99,2930.89,110.6,96.27000000000001,225.7,235.93000000000004
2019-01-31,3123.22,2931.8,110.6,97.83,225.7,242.10000000000002
2019-02-01,3085.11,2858.26,127.10000000000001,97.61,240.24,244.95999999999998
2019-02-02,3085.11,2865.67,127.10000000000001,96.39999999999999,240.24,237.98
2019-02-03,3085.0899999999997,2775.44,127.10000000000001,99.00999999999999,240.24,222.12000000000003
2019-02-04,3085.0899999999997,2853.57,127.10000000000001,101.92,240.24,239.97
2019-02-05,3085.0899999999997,2967.35,127.10000000000001,103.05,240.24,250.48
2019-02-06,3088.35,2954.87,127.10000000000001,101.27000000000001,240.24,247.7
2019-02-07,3090.85,2825.0000000000005,127.10000000000001,92.16,240.24,236.15000000000003
2019-02-08,3092.02,2905.79,127.10000000000001,87.65,240.24,246.77
2019-02-09,3082.89,2899.9500000000003,127.10000000000001,75.46,240.24,235.95000000000002
2019-02-10,3070.78,2824.68,127.10000000000001,75.41,240.24,221.19
2019-02-11,3080.73,2850.1499999999996,127.10000000000001,90.77,240.24,229.81000000000003
2019-02-12,3080.73,2884.8700000000003,127.10000000000001,97.59,240.24,225.34
2019-02-13,3083.42,2934.46,127.10000000000001,97.58,240.24,238.29
2019-02-14,3092.16,2938.29,127.10000000000001,95.43,240.24,245.64999999999998
2019-02-15,3092.16,2896.6499999999996,127.10000000000001,99.05,240.24,265.0
2019-02-16,3092.16,2863.5899999999997,127.10000000000001,102.67,240.24,248.51000000000002
2019-02-17,3094.08,2826.2,127.10000000000001,103.21,240.24,232.18
2019-02-18,3087.64,2886.66,127.10000000000001,102.51,240.24,265.68
2019-02-19,3103.24,2981.94,127.10000000000001,103.17,240.24,268.31
2019-02-20,3100.0,2977.46,127.10000000000001,102.1,240.24,262.51
2019-02-21,3117.79,2961.4,127.10000000000001,102.25999999999999,240.24,286.62
2019-02-22,3116.93,2948.11,127.10000000000001,105.27,240.24,311.04999999999995
2019-02-23,3116.93,2936.4800000000005,127.10000000000001,106.87,240.24,293.32
2019-02-24,3122.73,2864.74,127.10000000000001,109.19,240.24,276.22
2019-02-25,3122.73,2931.29,127.10000000000001,109.82,240.24,281.9
2019-02-26,3133.06,2934.64,127.10000000000001,109.98,240.24,280.44
2019-02-27,3133.06,2928.89,127.10000000000001,110.02,240.24,268.28
2019-02-28,3140.41,2967.1499999999996,127.10000000000001,105.35,240.24,271.39
2019-03-01,3133.2700000000004,3013.43,126.8,106.18,268.03,271.82
2019-03-02,3133.2700000000004,2934.1400000000003,126.8,105.66999999999999,268.03,260.53000000000003
2019-03-03,3133.2700000000004,2843.17,126.8,106.07999999999998,268.03,256.55
2019-03-04,3134.13,2926.14,126.8,107.09,268.03,269.00000000000006
2019-03-05,3134.13,2987.7499999999995,126.8,107.13999999999999,268.03,270.58000000000004
2019-03-06,3136.2799999999997,3020.0499999999997,126.8,106.19,268.03,275.25
2019-03-07,3133.8,3069.7300000000005,126.8,102.95,268.03,282.34999999999997
2019-03-08,3134.66,3046.21,126.8,103.94,268.03,288.23
2019-03-09,3134.66,3034.67,126.8,103.25999999999999,268.03,288.70000000000005
2019-03-10,3134.66,3024.04,126.8,102.69,268.03,255.35
2019-03-11,3143.37,3098.78,126.8,104.21,268.03,282.34
2019-03-12,3155.2699999999995,3145.81,126.8,102.45,268.03,277.38
2019-03-13,3154.5999999999995,3136.98,126.8,102.58000000000001,268.03,281.95
2019-03-14,3143.45,3104.1800000000003,126.8,101.66,268.03,279.61
2019-03-15,3139.58,3033.16,126.8,103.91,268.03,294.25
2019-03-16,3141.4799999999996,3025.8699999999994,126.8,108.43,268.03,280.54999999999995
2019-03-17,3141.4799999999996,2963.0100000000007,126.8,108.98,268.03,251.24999999999997
2019-03-18,3146.6899999999996,3075.27,126.8,102.35000000000001,268.03,285.76
2019-03-19,3156.2299999999996,3131.21,126.8,101.64,268.03,292.89
2019-03-20,3130.3900000000003,3091.63,126.8,101.97,268.03,288.38999999999993
2019-03-21,3129.4300000000003,2781.36,126.8,102.39000000000001,268.03,266.11
2019-03-22,3121.33,2914.84,126.8,102.64,268.03,279.29999999999995
2019-03-23,3123.68,3046.49,126.8,102.89000000000001,268.03,278.55
2019-03-24,3123.68,3036.7000000000003,126.8,105.15,268.03,265.17
2019-03-25,3123.68,3118.24,126.8,107.71000000000001,268.03,280.65000000000003
2019-03-26,3132.68,3118.2999999999997,126.8,108.94,268.03,298.44
2019-03-27,3132.68,3181.75,126.8,109.03,268.03,311.37999999999994
2019-03-28,3140.91,3204.6700000000005,126.8,108.92999999999999,268.03,323.22
2019-03-29,3140.91,3240.7000000000003,126.8,105.16999999999999,268.03,334.26
2019-03-30,3140.91,3236.48,126.8,103.68,268.03,337.64
2019-03-31,3140.91,3011.5299999999997,126.8,103.47,268.03,326.30999999999995
2019-04-01,3315.58,3088.16,122.43,103.21000000000001,317.93,345.07000000000005
2019-04-02,3311.58,3220.42,122.43,103.16999999999999,317.93,344.53999999999996
2019-04-03,3308.9399999999996,3275.14,122.43,103.06,317.93,360.72999999999996
2019-04-04,3308.9399999999996,3321.57,122.43,102.91,317.93,334.87
2019-04-05,3301.26,3248.5899999999997,122.43,102.64999999999999,317.93,324.44
2019-04-06,3290.3,3158.65,122.43,102.83,317.93,336.19
2019-04-07,3290.3,2924.2999999999997,122.43,103.79,317.93,313.51000000000005
2019-04-08,3290.3,3078.6499999999996,122.43,103.85000000000001,317.93,333.33
2019-04-09,3290.34,3132.35,122.43,102.17,317.93,332.29999999999995
2019-04-10,3286.4399999999996,3212.67,122.43,101.91,317.93,361.85
2019-04-11,3301.2299999999996,3247.8,122.43,103.15,317.93,371.39
2019-04-12,3301.2299999999996,3258.3,122.43,99.24,317.93,391.07
2019-04-13,3302.45,3240.96,122.43,101.44,317.93,364.25
2019-04-14,3302.49,3134.66,122.43,104.18,317.93,352.16999999999996
2019-04-15,3298.6399999999994,3189.75,122.43,110.41,317.93,350.95
2019-04-16,3294.6399999999994,2990.0,122.43,109.78,317.93,365.0
2019-04-17,3294.6399999999994,2826.33,122.43,111.63,317.93,368.58000000000004
2019-04-18,3291.99,2895.4,122.43,112.95999999999998,317.93,345.81
2019-04-19,3291.99,2969.59,122.43,113.22999999999999,317.93,328.78
2019-04-20,3287.8899999999994,3031.2000000000003,122.43,112.69999999999999,317.93,342.96
2019-04-21,3300.59,2946.5499999999997,122.43,111.14999999999999,317.93,326.05
2019-04-22,3299.49,3080.83,122.43,108.6,317.93,356.35999999999996
2019-04-23,3299.49,3115.55,122.43,106.51,317.93,382.72
2019-04-24,3299.6899999999996,3211.37,122.43,103.03,317.93,416.81
2019-04-25,3304.6899999999996,3321.7299999999996,122.43,105.53,317.93,442.31
2019-04-26,3298.45,3339.83,122.43,103.35,317.93,461.91999999999996
2019-04-27,3301.23,3303.7,122.43,106.91,317.93,450.4100000000001
2019-04-28,3298.42,3187.49,122.43,107.66,317.93,430.18
2019-04-29,3298.42,3288.15,122.43,108.32000000000001,317.93,430.20000000000005
2019-04-30,3293.98,3176.38,122.43,108.32,317.93,427.63999999999993
2019-05-01,3318.2400000000002,2965.3599999999997,122.21000000000001,108.31,418.79,428.84999999999997
2019-05-02,3317.44,2968.03,122.21000000000001,108.68,418.79,456.0
2019-05-03,3320.28,2881.4600000000005,122.21000000000001,107.68,418.79,438.27000000000004
2019-05-04,3329.56,2920.98,122.21000000000001,108.7,418.79,442.62999999999994
2019-05-05,3329.56,2978.9900000000002,122.21000000000001,110.02,418.79,442.89
2019-05-06,3350.68,3129.09,122.21000000000001,108.56,418.79,464.9
2019-05-07,3350.68,3128.3,122.21000000000001,107.66,418.79,437.74
2019-05-08,3356.26,3126.6,122.21000000000001,107.82000000000001,418.79,441.61
2019-05-09,3356.26,3183.14,122.21000000000001,106.79,418.79,474.09
2019-05-10,3359.08,3247.75,122.21000000000001,107.75999999999999,418.79,499.97
2019-05-11,3356.4300000000003,3223.9599999999996,122.21000000000001,107.97,418.79,496.11
2019-05-12,3356.4300000000003,3136.7299999999996,122.21000000000001,107.89000000000001,418.79,464.65000000000003
2019-05-13,3356.4300000000003,3154.39,122.21000000000001,107.53,418.79,439.27
2019-05-14,3346.7400000000002,3086.78,122.21000000000001,107.80000000000001,418.79,449.49000000000007
2019-05-15,3346.7400000000002,3174.8900000000003,122.21000000000001,104.39000000000001,418.79,444.84
2019-05-16,3359.3700000000003,3241.11,106.31,102.73,418.79,429.44
2019-05-17,3346.1200000000003,3186.2999999999997,106.31,106.75999999999999,418.79,442.79999999999995
2019-05-18,3342.3,3103.46,106.31,117.50999999999999,418.79,464.47
2019-05-19,3342.3,3096.06,106.31,127.42000000000002,418.79,456.97999999999996
2019-05-20,3342.3,3272.09,106.31,125.95,418.79,514.2600000000001
2019-05-21,3338.7400000000002,3349.27,106.31,127.50999999999999,418.79,485.32
2019-05-22,3339.5400000000004,3356.2200000000003,106.31,127.08,418.79,487.83
2019-05-23,3339.5400000000004,3328.26,106.31,128.4,418.79,497.3
2019-05-24,3339.1600000000003,3204.37,106.31,131.35,418.79,461.25
2019-05-25,3335.8300000000004,3202.3600000000006,106.31,134.68,418.79,439.68
2019-05-26,3328.79,3096.61,106.31,135.3,418.79,412.09000000000003
2019-05-27,3331.44,3293.9,106.31,135.35000000000002,418.79,444.31
2019-05-28,3335.69,3377.2599999999998,106.31,136.67,418.79,438.46
2019-05-29,3335.69,3425.35,106.31,134.43,418.79,403.3
2019-05-30,3334.14,3428.21,106.31,134.06,418.79,432.93
2019-05-31,3338.52,3393.98,106.31,131.87,418.79,447.46
2019-06-01,3198.84,3338.06,106.53,125.32000000000001,472.60999999999996,470.24
2019-06-02,3204.0,3161.4100000000003,106.53,124.65,472.60999999999996,457.56
2019-06-03,3204.0,3068.8100000000004,106.53,125.37,472.60999999999996,466.44000000000005
2019-06-04,3204.0,3183.05,106.53,111.83000000000001,472.60999999999996,493.19
2019-06-05,3201.52,3342.0799999999995,106.53,103.06,472.60999999999996,493.6
2019-06-06,3185.32,3283.2999999999997,106.53,103.03999999999999,472.60999999999996,496.2
2019-06-07,3185.32,3233.0899999999997,106.53,104.07000000000001,472.60999999999996,501.37
2019-06-08,3185.32,3266.1,106.53,128.68,472.60999999999996,500.41999999999996
2019-06-09,3188.5,3205.39,106.53,136.06,472.60999999999996,481.09999999999997
2019-06-10,3176.9900000000002,3274.93,106.53,136.87,472.60999999999996,492.56
2019-06-11,3172.59,3289.21,106.53,139.75,472.60999999999996,480.11
2019-06-12,3172.2400000000002,3135.39,106.53,131.79000000000002,472.60999999999996,471.80000000000007
2019-06-13,3172.2400000000002,3021.07,106.53,139.36,472.60999999999996,472.24
2019-06-14,3172.2400000000002,3222.6200000000003,106.53,140.54,472.60999999999996,463.38
2019-06-15,3110.15,3081.61,106.53,141.32,472.60999999999996,477.93
2019-06-16,3111.05,2881.2499999999995,106.53,135.12,472.60999999999996,482.99
2019-06-17,3112.76,2930.42,106.53,132.04,472.60999999999996,485.23
2019-06-18,3113.01,2939.03,106.53,130.02,472.60999999999996,473.8
2019-06-19,3122.53,3039.79,106.53,133.81,472.60999999999996,471.82000000000005
2019-06-20,3114.1,3112.0000000000005,106.53,134.18,472.60999999999996,468.02
2019-06-21,3117.42,3204.8399999999997,106.53,134.1,472.60999999999996,475.18999999999994
2019-06-22,3124.37,3193.1200000000003,106.53,134.26,472.60999999999996,451.15999999999997
2019-06-23,3124.37,3059.81,106.53,134.58,472.60999999999996,461.51
2019-06-24,3119.0699999999997,3166.97,106.53,134.89,472.60999999999996,494.48
2019-06-25,3095.8599999999997,3230.0600000000004,106.53,134.51999999999998,472.60999999999996,500.49
2019-06-26,3104.33,3203.6099999999997,106.53,134.42,472.60999999999996,487.1499999999999
2019-06-27,3107.08,3105.1800000000003,106.53,134.28,472.60999999999996,481.33
2019-06-28,3107.91,3044.4500000000003,106.53,134.94,472.60999999999996,480.32
2019-06-29,3108.2599999999998,3056.7500000000005,106.53,135.11,472.60999999999996,481.50999999999993
2019-06-30,3108.2599999999998,2915.05,106.53,133.82999999999998,472.60999999999996,481.82
2019-07-01,2828.7400000000002,3011.7699999999995,110.72999999999999,134.03,528.65,500.79999999999995
2019-07-02,2827.31,3020.5099999999998,110.72999999999999,130.76999999999998,528.65,502.33
2019-07-03,2827.31,2997.1,110.72999999999999,131.6,528.65,506.93999999999994
2019-07-04,2827.31,2952.89,110.72999999999999,130.27,528.65,493.3299999999999
2019-07-05,2841.85,2861.7100000000005,110.72999999999999,131.68,528.65,492.70000000000005
2019-07-06,2853.2399999999993,2735.21,110.72999999999999,131.43,528.65,485.62
2019-07-07,2853.2399999999993,2580.5,110.72999999999999,131.7,528.65,499.53999999999996
2019-07-08,2850.68,2706.62,110.72999999999999,130.36,528.65,548.7800000000001
2019-07-09,2847.2000000000003,2665.64,110.72999999999999,135.35999999999999,528.65,540.84
2019-07-10,2836.49,2673.2300000000005,110.72999999999999,132.20999999999998,528.65,533.99
2019-07-11,2840.6499999999996,2642.63,110.72999999999999,133.48,528.65,518.7900000000001
2019-07-12,2831.56,2795.5,110.72999999999999,134.12,528.65,543.19
2019-07-13,2831.0299999999997,2805.77,110.72999999999999,134.43,528.65,523.47
2019-07-14,2831.0299999999997,2646.12,110.72999999999999,129.53,528.65,487.90999999999997
2019-07-15,2793.47,2706.6,110.72999999999999,134.45000000000002,528.65,498.83000000000004
2019-07-16,2822.3599999999997,2726.4199999999996,131.11,138.29999999999998,528.65,510.7300000000001
2019-07-17,2822.4199999999996,2881.2300000000005,131.11,140.99,528.65,523.72
2019-07-18,2828.8499999999995,2983.52,131.11,137.1,528.65,528.04
2019-07-19,2828.8499999999995,3085.2500000000005,131.11,140.66,528.65,503.8
2019-07-20,2793.7499999999995,3047.8999999999996,131.11,141.1,528.65,522.53
2019-07-21,2821.5099999999998,2941.47,131.11,141.16,528.65,512.79
2019-07-22,2843.47,3080.0099999999998,131.11,139.62,528.65,535.85
2019-07-23,2840.47,3188.2599999999998,131.11,139.51,528.65,518.5699999999999
2019-07-24,2842.0099999999998,3080.4900000000002,131.11,139.26,528.65,504.96000000000004
2019-07-25,2803.2,2833.26,131.11,139.95,528.65,481.15999999999997
2019-07-26,2819.56,2704.02,131.11,140.24,528.65,491.3399999999999
2019-07-27,2819.56,2583.06,131.11,140.48,528.65,478.08000000000004
2019-07-28,2822.2099999999996,2443.44,131.11,140.66,528.65,494.49
2019-07-29,2822.2099999999996,2585.41,131.11,139.09,528.65,529.08
2019-07-30,2845.2099999999996,2693.87,131.11,141.32999999999998,528.65,513.29
2019-07-31,2872.2099999999996,2704.16,131.11,141.61,528.65,498.96999999999997
2019-08-01,2824.8399999999997,2679.87,131.12,141.41,600.7400000000001,526.97
2019-08-02,2824.8399999999997,2625.98,131.12,140.32,600.7400000000001,531.75
2019-08-03,2828.64,2581.79,131.12,141.07,600.7400000000001,536.02
2019-08-04,2824.59,2512.0899999999997,131.12,135.67,600.7400000000001,525.4399999999999
2019-08-05,2839.52,2610.1600000000003,131.12,135.20999999999998,600.7400000000001,561.2800000000001
2019-08-06,2852.11,2532.99,131.12,135.92000000000002,600.7400000000001,571.85
2019-08-07,2866.63,2443.65,131.12,132.34,600.7400000000001,568.18
2019-08-08,2855.65,2516.82,131.12,128.82999999999998,600.7400000000001,567.88
2019-08-09,2892.0800000000004,2459.4,131.12,127.87,600.7400000000001,557.52
2019-08-10,2881.57,2402.28,131.12,129.41,600.7400000000001,630.3000000000001
2019-08-11,2908.69,2474.2300000000005,131.12,128.53,600.7400000000001,658.83
2019-08-12,2905.8700000000003,2677.21,131.12,130.39,600.7400000000001,683.6700000000001
2019-08-13,2896.21,2639.74,131.12,129.98000000000002,600.7400000000001,684.7399999999999
2019-08-14,2915.4700000000003,2564.1900000000005,131.12,131.06,600.7400000000001,690.52
2019-08-15,2920.97,2264.87,131.12,135.39,600.7400000000001,683.62
2019-08-16,2888.31,2371.45,131.12,134.59,600.7400000000001,703.49
2019-08-17,2884.31,2377.05,131.12,131.27,600.7400000000001,703.42
2019-08-18,2892.79,2365.18,131.12,135.29,600.7400000000001,626.59
2019-08-19,2894.62,2562.7799999999997,131.12,135.32999999999998,600.7400000000001,641.63
2019-08-20,2911.4500000000003,2632.79,131.12,135.17,600.7400000000001,717.5100000000001
2019-08-21,2907.2799999999997,2624.2900000000004,131.12,134.22,600.7400000000001,710.83
2019-08-22,2917.6099999999997,2657.6800000000003,131.12,135.03,600.7400000000001,692.9100000000001
2019-08-23,2928.95,2683.69,131.12,135.39,600.7400000000001,692.7499999999999
2019-08-24,2934.56,2575.1000000000004,131.12,135.53,600.7400000000001,685.84
2019-08-25,2939.2999999999997,2550.2000000000007,131.12,135.42,600.7400000000001,582.79
2019-08-26,2961.95,2653.98,131.12,134.82,600.7400000000001,660.26
2019-08-27,2961.85,2774.3399999999997,131.12,134.92,600.7400000000001,696.7299999999999
2019-08-28,2969.52,2892.98,131.12,135.21,600.7400000000001,715.68
2019-08-29,2962.41,2948.81,131.12,134.60999999999999,600.7400000000001,706.4300000000001
2019-08-30,2956.1,2931.52,131.12,135.93,600.7400000000001,669.49
2019-08-31,2993.1,2904.2100000000005,131.12,136.01999999999998,600.7400000000001,659.48
2019-09-01,3044.16,2670.1000000000004,110.97,136.14,522.85,654.8499999999999
2019-09-02,3044.16,2669.7499999999995,110.97,136.03,522.85,655.9
2019-09-03,3030.92,2726.77,110.97,135.76,522.85,670.7
2019-09-04,3030.92,2702.11,110.97,135.74,522.85,687.4499999999999
2019-09-05,3043.3800000000006,2657.8500000000004,110.97,133.43,522.85,699.0299999999999
2019-09-06,3056.4200000000005,2638.0,110.97,133.29,522.85,742.3299999999999
2019-09-07,3052.8000000000006,2602.75,110.97,135.42000000000002,522.85,764.44
2019-09-08,3053.2800000000007,2485.16,110.97,137.63,522.85,748.8800000000001
2019-09-09,3060.6600000000003,2615.89,110.97,140.26999999999998,522.85,766.8899999999999
2019-09-10,3061.71,2739.1699999999996,110.97,140.21,522.85,773.76
2019-09-11,3060.55,2771.11,110.97,140.17000000000002,522.85,753.3100000000001
2019-09-12,3065.44,2675.96,110.97,140.27,522.85,746.13
2019-09-13,3068.66,2634.2599999999998,110.97,140.38,522.85,740.5899999999999
2019-09-14,3080.54,2674.8399999999997,110.97,138.48000000000002,522.85,724.91
2019-09-15,3073.3799999999997,2588.93,110.97,136.75,522.85,722.1200000000001
2019-09-16,3093.23,2656.1,110.97,136.26999999999998,522.85,745.27
2019-09-17,3093.23,2726.140000000001,110.97,128.32,522.85,703.52
2019-09-18,3093.23,2723.3099999999995,110.97,109.56,522.85,682.3
2019-09-19,3095.73,2716.2000000000003,110.97,122.58,522.85,690.57
2019-09-20,3109.3,2774.0299999999997,110.97,126.55000000000001,522.85,675.2699999999999
2019-09-21,3139.3,2788.5599999999995,110.97,135.57999999999998,522.85,662.0999999999999
2019-09-22,3157.0800000000004,2589.4299999999994,110.97,137.32999999999998,522.85,646.38
2019-09-23,3157.0800000000004,2740.58,110.97,138.48,522.85,634.98
2019-09-24,3162.2200000000003,2726.5,110.97,139.04,522.85,634.7700000000001
2019-09-25,3159.1400000000003,2617.99,110.97,139.29,522.85,642.14
2019-09-26,3168.9400000000005,2522.96,110.97,138.35,522.85,626.5899999999999
2019-09-27,3174.1900000000005,2433.9900000000002,110.97,137.81,522.85,653.55
2019-09-28,3184.7900000000004,2319.4700000000003,110.97,134.2,522.85,642.6700000000001
2019-09-29,3187.0900000000006,2111.62,110.97,134.82,522.85,619.48
2019-09-30,3195.0900000000006,2235.1699999999996,110.97,134.7,522.85,642.4
2019-10-01,3197.11,2344.1200000000003,111.51000000000002,133.7,368.34000000000003,636.42
2019-10-02,3200.1800000000003,2341.33,111.51000000000002,133.93,368.34000000000003,608.43
2019-10-03,3200.1800000000003,2530.13,111.51000000000002,134.4,368.34000000000003,593.35
2019-10-04,3203.9700000000003,2600.9799999999996,111.51000000000002,135.39,368.34000000000003,552.0500000000001
2019-10-05,3200.4700000000003,2663.9700000000003,111.51000000000002,135.24,368.34000000000003,519.0
2019-10-06,3208.57,2561.03,111.51000000000002,139.18,368.34000000000003,499.21999999999997
2019-10-07,3208.57,2564.59,111.51000000000002,140.7,368.34000000000003,498.60999999999996
2019-10-08,3208.57,2376.46,111.51000000000002,140.72,368.34000000000003,529.4599999999999
2019-10-09,3206.3,2512.7299999999996,111.51000000000002,140.26,368.34000000000003,547.93
2019-10-10,3206.3,2655.96,111.51000000000002,140.26999999999998,368.34000000000003,560.0300000000001
2019-10-11,3223.22,2707.7,111.51000000000002,140.41,368.34000000000003,544.4399999999999
2019-10-12,3223.22,2738.0400000000004,111.51000000000002,140.13,368.34000000000003,515.45
2019-10-13,3223.22,2656.3000000000006,111.51000000000002,140.93,368.34000000000003,479.77
2019-10-14,3226.0,2771.88,111.51000000000002,137.71,368.34000000000003,504.16999999999996
2019-10-15,3221.5,2831.8900000000003,111.51000000000002,117.86,368.34000000000003,495.76000000000005
2019-10-16,3228.63,2868.23,111.51000000000002,118.03,368.34000000000003,471.28000000000003
2019-10-17,3228.63,2847.53,111.51000000000002,133.16000000000003,368.34000000000003,484.86
2019-10-18,3228.63,2799.81,111.51000000000002,140.32,368.34000000000003,449.90000000000003
2019-10-19,3231.2799999999997,2752.9500000000003,111.51000000000002,127.77000000000001,368.34000000000003,409.42
2019-10-20,3229.21,2616.2599999999998,111.51000000000002,126.95,368.34000000000003,393.73
2019-10-21,3230.21,2578.5,111.51000000000002,127.11000000000001,368.34000000000003,447.68
2019-10-22,3233.25,2593.1800000000003,111.51000000000002,130.68,368.34000000000003,470.71000000000004
2019-10-23,3229.43,2564.14,111.51000000000002,139.91,368.34000000000003,451.13
2019-10-24,3229.43,2482.9,111.51000000000002,141.5,368.34000000000003,438.46000000000004
2019-10-25,3229.3599999999997,2415.52,111.51000000000002,138.75,368.34000000000003,438.96000000000004
2019-10-26,3219.5599999999995,2273.81,111.51000000000002,135.07999999999998,368.34000000000003,442.00000000000006
2019-10-27,3222.3599999999997,2152.8,111.51000000000002,131.18,368.34000000000003,435.18999999999994
2019-10-28,3225.01,2082.46,111.51000000000002,134.63,368.34000000000003,440.92
2019-10-29,3224.31,2194.67,111.51000000000002,130.55,368.34000000000003,405.95
2019-10-30,3224.31,2273.33,111.51000000000002,131.5,368.34000000000003,425.27000000000004
2019-10-31,3224.31,2351.8900000000003,111.51000000000002,130.69,368.34000000000003,426.39
2019-11-01,3077.84,2420.39,121.13,119.36,274.71000000000004,433.59999999999997
2019-11-02,3077.84,2480.68,121.13,112.58,274.71000000000004,432.47999999999996
2019-11-03,3077.9500000000003,2409.8500000000004,121.13,122.41,274.71000000000004,404.02000000000004
2019-11-04,3068.6600000000003,2554.2000000000003,121.13,122.33,274.71000000000004,421.0799999999999
2019-11-05,3066.1,2645.4,121.13,120.65,274.71000000000004,395.89
2019-11-06,3068.06,2712.74,121.13,119.01,274.71000000000004,366.90999999999997
2019-11-07,3059.23,2622.02,121.13,117.0,274.71000000000004,337.28
2019-11-08,3063.62,2528.2400000000002,121.13,116.72,274.71000000000004,337.55
2019-11-09,3067.8,2483.3900000000003,121.13,117.16,274.71000000000004,375.51000000000005
2019-11-10,3023.61,2446.37,121.13,117.12,274.71000000000004,351.19000000000005
2019-11-11,3023.61,2618.08,121.13,117.14999999999999,274.71000000000004,357.81
2019-11-12,3018.92,2672.2000000000003,121.13,117.19999999999999,274.71000000000004,350.53999999999996
2019-11-13,3018.92,2717.7999999999997,121.13,117.27000000000001,274.71000000000004,325.23
2019-11-14,3018.92,2719.12,121.13,122.3,274.71000000000004,322.21000000000004
2019-11-15,3025.3899999999994,2728.8900000000003,121.13,123.76,274.71000000000004,314.49
2019-11-16,3019.8599999999997,2712.97,121.13,124.11000000000001,274.71000000000004,302.4
2019-11-17,3022.4199999999996,2577.08,121.13,123.72999999999999,274.71000000000004,279.9
2019-11-18,3020.3399999999997,2731.46,121.13,123.91999999999999,274.71000000000004,309.32
2019-11-19,3024.55,2794.72,121.13,124.08,274.71000000000004,332.94000000000005
2019-11-20,3028.19,2791.6300000000006,121.13,123.03,274.71000000000004,331.2
2019-11-21,3028.19,2773.29,121.13,122.62,274.71000000000004,309.94
2019-11-22,3028.94,2794.71,121.13,123.02000000000001,274.71000000000004,304.97999999999996
2019-11-23,3040.5699999999997,2712.5099999999998,121.13,123.23,274.71000000000004,298.27000000000004
2019-11-24,3036.8599999999997,2627.03,121.13,123.28,274.71000000000004,332.97
2019-11-25,3033.1099999999997,2727.49,121.13,122.91,274.71000000000004,301.83
2019-11-26,3050.5099999999993,2739.7000000000003,121.13,123.09,274.71000000000004,290.46000000000004
2019-11-27,3046.5099999999993,2700.4700000000003,121.13,123.67,274.71000000000004,291.79999999999995
2019-11-28,3046.5099999999993,2654.25,121.13,124.61000000000001,274.71000000000004,299.5
2019-11-29,3050.37,2672.33,121.13,128.32,274.71000000000004,311.97
2019-11-30,3046.16,2661.16,121.13,121.66,274.71000000000004,304.03
2019-12-01,3018.9300000000003,2565.16,120.89999999999999,120.24000000000001,237.48999999999998,292.53
2019-12-02,3013.4100000000003,2615.53,120.89999999999999,106.7,237.48999999999998,310.15999999999997
2019-12-03,3011.4300000000003,2641.1299999999997,120.89999999999999,110.82,237.48999999999998,282.02
2019-12-04,3016.1099999999997,2652.91,120.89999999999999,113.65,237.48999999999998,281.28000000000003
2019-12-05,3025.89,2681.2099999999996,120.89999999999999,123.25999999999999,237.48999999999998,292.72999999999996
2019-12-06,3044.77,2700.42,120.89999999999999,121.56,237.48999999999998,300.39
2019-12-07,3044.77,2638.2300000000005,120.89999999999999,117.36,237.48999999999998,307.52
2019-12-08,3044.77,2557.83,120.89999999999999,116.1,237.48999999999998,301.25
2019-12-09,3047.07,2716.16,120.89999999999999,115.0,237.48999999999998,336.83
2019-12-10,3042.46,2811.57,120.89999999999999,118.38,237.48999999999998,319.98999999999995
2019-12-11,3035.46,2901.48,120.89999999999999,118.72,237.48999999999998,303.51
2019-12-12,3048.3600000000006,2849.5,120.89999999999999,118.81,237.48999999999998,277.78999999999996
2019-12-13,3056.78,2659.47,120.89999999999999,116.31,237.48999999999998,281.67
2019-12-14,3045.3600000000006,2702.01,120.89999999999999,120.68,237.48999999999998,281.48
2019-12-15,3057.0200000000004,2563.83,120.89999999999999,114.9,237.48999999999998,253.92999999999998
2019-12-16,3082.78,2622.1400000000003,131.9,111.5,237.48999999999998,282.14
2019-12-17,3082.78,2684.1800000000003,131.9,111.61,237.48999999999998,269.48
2019-12-18,3086.9300000000003,2779.89,131.9,112.67999999999999,237.48999999999998,286.01000000000005
2019-12-19,3110.5400000000004,2855.4999999999995,131.9,112.78999999999999,237.48999999999998,275.98
2019-12-20,3096.31,2951.3799999999997,131.9,112.16000000000001,237.48999999999998,292.59000000000003
2019-12-21,3107.28,2874.4500000000003,131.9,110.44999999999999,237.48999999999998,276.14000000000004
2019-12-22,3107.28,2743.9800000000005,131.9,111.9,237.48999999999998,257.09000000000003
2019-12-23,3103.33,2862.3199999999997,131.9,111.98999999999998,237.48999999999998,306.24
2019-12-24,3103.33,2939.0699999999997,131.9,113.00999999999999,237.48999999999998,295.15
2019-12-25,3099.04,2929.75,131.9,109.22,237.48999999999998,275.48
2019-12-26,3122.71,2991.2799999999997,131.9,112.05,237.48999999999998,268.45
2019-12-27,3136.6700000000005,2969.16,131.9,113.75999999999999,237.48999999999998,271.60999999999996
2019-12-28,3137.5000000000005,2918.3399999999997,131.9,113.74000000000001,237.48999999999998,258.08
2019-12-29,3137.5000000000005,2831.34,131.9,113.72,237.48999999999998,265.44
2019-12-30,3137.5000000000005,2928.49,131.9,112.57000000000001,237.48999999999998,287.69
2019-12-31,3166.57,2981.3599999999997,131.9,119.22999999999999,237.48999999999998,293.2
2020-01-01,3119.66,2878.0099999999998,131.25,122.53,224.82,265.71999999999997
2020-01-02,3119.7,2913.21,131.25,122.15,224.82,286.32
2020-01-03,3120.0299999999997,2945.1800000000003,131.25,112.30000000000001,224.82,283.18
2020-01-04,3115.49,2946.0099999999993,131.25,112.04999999999998,224.82,282.41999999999996
2020-01-05,3147.97,2833.2799999999997,131.25,108.03,224.82,254.72
2020-01-06,3142.4100000000003,2876.33,131.25,107.88,224.82,293.3
2020-01-07,3142.4100000000003,2933.9999999999995,131.25,108.03999999999999,224.82,294.34
2020-01-08,3144.9500000000003,2936.0099999999998,131.25,106.14000000000001,224.82,257.82
2020-01-09,3148.86,2882.8799999999997,131.25,105.59,224.82,276.11
2020-01-10,3147.82,2875.7400000000002,131.25,105.79999999999998,224.82,257.71000000000004
2020-01-11,3147.82,2926.620000000001,131.25,111.19,224.82,258.62
2020-01-12,3148.11,2921.56,131.25,103.95000000000002,224.82,240.89999999999998
2020-01-13,3148.11,2972.75,131.25,105.53,224.82,284.18
2020-01-14,3153.12,2920.73,131.25,109.31,224.82,288.31
2020-01-15,3136.4599999999996,2810.37,131.25,109.09,224.82,259.35
2020-01-16,3141.0499999999997,2764.0699999999997,131.25,104.07,224.82,265.78000000000003
2020-01-17,3141.83,2880.7099999999996,131.25,103.15,224.82,282.37
2020-01-18,3141.83,2909.8,131.25,112.19,224.82,275.77
2020-01-19,3151.88,2781.02,131.25,108.5,224.82,264.78
2020-01-20,3147.83,2933.1299999999997,131.25,94.61,224.82,292.28000000000003
2020-01-21,3147.97,2975.21,131.25,101.23,224.82,286.81
2020-01-22,3163.87,2877.8999999999996,131.25,108.56,224.82,271.48
2020-01-23,3159.6899999999996,2900.3899999999994,131.25,107.75,224.82,277.94
2020-01-24,3159.6899999999996,2993.3,131.25,106.72,224.82,303.91
2020-01-25,3156.31,3052.9799999999996,131.25,108.85,224.82,303.96
2020-01-26,3163.44,2889.55,131.25,108.78999999999999,224.82,263.71
2020-01-27,3163.44,2986.34,131.25,109.47,224.82,275.62
2020-01-28,3163.44,3033.9500000000003,131.25,108.29,224.82,286.5
2020-01-29,3173.1099999999997,3057.76,131.25,109.03999999999999,224.82,295.45000000000005
2020-01-30,3173.56,3045.2799999999997,131.25,109.88000000000001,224.82,298.59
2020-01-31,3189.56,3061.69,131.25,108.13999999999999,224.82,293.33
2020-02-01,3129.4,3003.89,129.93,107.9,238.68,268.33
2020-02-02,3129.4,2879.4799999999996,129.93,109.21,238.68,254.62000000000003
2020-02-03,3140.4700000000003,3005.05,129.93,110.27,238.68,293.84
2020-02-04,3135.37,3098.94,129.93,108.69999999999999,238.68,279.55999999999995
2020-02-05,3125.12,3105.6799999999994,129.93,108.96000000000001,238.68,281.65999999999997
2020-02-06,3125.12,3107.2599999999998,129.93,109.17,238.68,288.4599999999999
2020-02-07,3127.68,3122.67,129.93,102.33,238.68,282.69000000000005
2020-02-08,3131.0200000000004,3056.13,129.93,98.87,238.68,278.88000000000005
2020-02-09,3131.0200000000004,2922.31,129.93,95.06,238.68,256.16
2020-02-10,3131.0200000000004,3013.7300000000005,129.93,100.88,238.68,257.66
2020-02-11,3131.0200000000004,3056.6699999999996,129.93,110.98,238.68,278.2
2020-02-12,3131.0200000000004,3093.2999999999997,129.93,97.42999999999999,238.68,286.95000000000005
2020-02-13,3131.0200000000004,3186.6299999999997,129.93,91.5,238.68,278.3
2020-02-14,3131.0699999999997,3194.27,129.93,91.84,238.68,288.0
2020-02-15,3123.9799999999996,3208.6,138.87,93.03999999999999,238.68,285.03
2020-02-16,3132.12,3075.3,134.4,103.08999999999999,238.68,257.96
2020-02-17,3132.12,3143.0600000000004,134.4,107.33,238.68,285.11
2020-02-18,3133.6899999999996,3230.62,134.4,113.0,238.68,293.82
2020-02-19,3127.58,3214.0,134.4,112.53999999999999,238.68,321.63
2020-02-20,3134.8,3130.69,134.4,112.67,238.68,323.03000000000003
2020-02-21,3146.4900000000002,3023.73,134.4,112.98999999999998,238.68,292.5
2020-02-22,3145.9500000000003,3034.39,134.4,113.15,238.68,290.88
2020-02-23,3145.9500000000003,2967.2,134.4,113.21000000000001,238.68,279.0
2020-02-24,3145.9500000000003,3091.5,134.4,113.16,238.68,313.85999999999996
2020-02-25,3145.9500000000003,3128.8500000000004,134.4,113.10000000000001,238.68,337.4799999999999
2020-02-26,3146.9500000000003,3126.33,134.4,111.28,238.68,324.65000000000003
2020-02-27,3149.52,3075.8999999999996,134.4,112.28,238.68,402.77
2020-02-28,3149.52,3084.8399999999997,134.4,112.25,238.68,315.96
2020-02-29,3180.9700000000003,3046.8100000000004,134.4,112.24,238.68,313.82
2020-03-01,3210.44,2881.74,134.39,112.43,277.84999999999997,256.23
2020-03-02,3214.5500000000006,3051.21,134.39,111.05,277.84999999999997,298.26
2020-03-03,3213.5500000000006,3072.83,134.39,117.5,277.84999999999997,319.46000000000004
2020-03-04,3213.5500000000006,3020.13,134.39,118.03,277.84999999999997,300.03999999999996
2020-03-05,3217.5900000000006,2947.47,134.39,118.16,277.84999999999997,308.46000000000004
2020-03-06,3217.5900000000006,2873.74,134.39,119.48,277.84999999999997,287.71999999999997
2020-03-07,3221.4700000000007,2946.72,134.39,119.53999999999999,277.84999999999997,283.13000000000005
2020-03-08,3227.03,2862.2999999999997,134.39,119.74000000000001,277.84999999999997,276.84
2020-03-09,3227.03,2831.2199999999993,134.39,119.52,277.84999999999997,287.33
2020-03-10,3227.03,2523.37,134.39,119.57000000000001,277.84999999999997,270.48
2020-03-11,3206.3300000000004,2629.13,134.39,119.47,277.84999999999997,288.34999999999997
2020-03-12,3194.9500000000003,2790.7400000000002,134.39,117.99000000000001,277.84999999999997,306.86
2020-03-13,3195.9500000000003,2867.95,134.39,118.13,277.84999999999997,314.5
2020-03-14,3193.03,2838.27,134.39,117.95999999999998,277.84999999999997,301.6000000000001
2020-03-15,3179.11,2712.8000000000006,134.39,122.81,277.84999999999997,275.07
2020-03-16,3182.1699999999996,2848.42,134.39,136.75,277.84999999999997,320.28999999999996
2020-03-17,3182.1699999999996,2965.5499999999997,138.86,138.43,277.84999999999997,316.9699999999999
2020-06-01,3399.86,2481.9300000000003,104.91,123.24,473.22,487.97
2020-06-02,3399.86,2467.5099999999998,104.91,122.62,473.22,464.34999999999997
2020-06-03,3400.11,2399.05,104.91,122.57000000000001,473.22,460.87999999999994
2020-06-04,3400.11,2339.63,104.91,124.7,473.22,473.78999999999996
2020-06-05,3394.6800000000003,2269.4300000000003,104.91,125.72,473.22,484.63999999999993
2020-06-06,3403.0,2306.44,104.91,125.82999999999998,473.22,493.63
2020-06-07,3403.0,2291.5299999999997,104.91,125.78,473.22,484.71999999999997
2020-06-08,3405.91,2439.2400000000002,104.91,125.47999999999999,473.22,542.73
2020-06-09,3399.55,2587.48,104.91,125.2,473.22,574.56
2020-06-10,3356.15,2684.47,104.91,125.10999999999999,473.22,568.15
2020-06-11,3352.3500000000004,2654.15,104.91,124.68,473.22,538.57
2020-06-12,3352.34,2650.6899999999996,104.91,122.01,473.22,545.61
2020-06-13,3339.7400000000002,2610.1,104.91,124.86000000000001,473.22,559.95
2020-06-14,3337.68,2547.62,104.91,125.25999999999999,473.22,551.37
2020-06-15,3332.2599999999998,2624.0000000000005,104.91,124.73000000000002,473.22,591.08
2020-06-16,3337.8000000000006,2658.8199999999997,122.91,121.97999999999999,473.22,580.49
2020-06-17,3347.2400000000002,2633.5599999999995,122.91,121.13,473.22,602.08
2020-06-18,3347.2400000000002,2639.2599999999998,122.91,121.44,473.22,598.74
2020-06-19,3347.2400000000002,2605.7999999999997,122.91,123.11,473.22,607.6899999999999
2020-06-20,3304.7200000000003,2590.52,122.91,122.5,473.22,599.23
2020-06-21,3316.6000000000004,2495.9500000000003,122.91,122.39000000000001,473.22,592.46
2020-06-22,3323.07,2572.33,122.91,120.71999999999998,473.22,628.49
2020-06-23,3323.07,2698.11,122.91,121.60999999999999,473.22,643.73
2020-06-24,3322.39,2750.84,122.91,121.15,473.22,667.88
2020-06-25,3320.5399999999995,2754.22,122.91,122.0,473.22,651.5999999999999
2020-06-26,3322.7699999999995,2737.56,122.91,123.14999999999999,473.22,614.9699999999999
2020-06-27,3322.7699999999995,2728.53,122.91,123.31,473.22,619.73
2020-06-28,3327.34,2652.3399999999997,122.91,122.70000000000002,473.22,604.14
2020-06-29,3322.9799999999996,2759.63,122.91,123.41,473.22,617.32
2020-06-30,3352.88,2837.2699999999995,130.91,121.52999999999999,473.22,611.96
2020-07-01,2968.6200000000003,2881.89,131.07999999999998,112.49,525.77,607.52
2020-07-02,2970.85,2897.08,131.07999999999998,112.74,525.77,576.12
2020-07-03,2969.85,2857.29,131.07999999999998,113.0,525.77,589.28
2020-07-04,2966.72,2729.23,131.07999999999998,113.5,525.77,574.9399999999999
2020-07-05,2972.3700000000003,2409.5200000000004,131.07999999999998,114.92000000000002,525.77,538.73
2020-07-06,2964.2700000000004,2522.7200000000003,131.07999999999998,115.28,525.77,571.2599999999999
2020-07-07,2950.51,2568.54,131.07999999999998,115.35,525.77,578.5500000000001
2020-07-08,2944.3,2618.05,131.07999999999998,109.55000000000001,525.77,611.3399999999999
2020-07-09,2942.78,2716.08,131.07999999999998,108.97999999999999,525.77,602.35
2020-07-10,2924.3100000000004,2701.58,131.07999999999998,111.8,525.77,560.87
2020-07-11,2946.32,2586.7200000000003,131.07999999999998,114.81,525.77,542.6
2020-07-12,2945.15,2377.3500000000004,131.07999999999998,117.76,525.77,545.55
2020-07-13,2945.15,2684.2599999999998,131.07999999999998,114.78,525.77,588.63
2020-07-14,2961.27,2834.4899999999993,131.07999999999998,113.74000000000001,525.77,613.4399999999999
2020-07-15,2942.84,2846.5300000000007,131.07999999999998,114.66999999999999,525.77,589.02
2020-07-16,2937.15,2816.29,131.07999999999998,115.73000000000002,525.77,563.98
2020-07-17,2933.3900000000003,2861.89,131.07999999999998,114.12,525.77,571.9
2020-07-18,2931.87,2939.3300000000004,131.07999999999998,114.5,525.77,598.26
2020-07-19,2936.19,2778.8999999999996,131.07999999999998,114.52,525.77,565.84
2020-07-20,2939.45,2671.38,131.07999999999998,115.35,525.77,581.38
2020-07-21,2958.7799999999997,2565.0099999999998,131.07999999999998,102.63,525.77,584.5
2020-07-22,2956.4,2733.94,131.07999999999998,92.41,525.77,581.71
2020-07-23,2957.6400000000003,2796.93,131.07999999999998,90.27000000000001,525.77,582.46
2020-07-24,2961.31,2857.65,131.07999999999998,85.63,525.77,568.9799999999999
2020-07-25,2927.2500000000005,2850.97,131.07999999999998,84.8,525.77,577.3299999999999
2020-07-26,2949.2900000000004,2795.17,131.07999999999998,90.44,525.77,557.08
2020-07-27,2962.69,2939.1100000000006,131.07999999999998,91.27,525.77,587.52
2020-07-28,2961.6299999999997,2986.04,131.07999999999998,89.32,525.77,589.5
2020-07-29,2961.6299999999997,2918.8600000000006,131.07999999999998,90.28,525.77,569.8100000000001
2020-07-30,2974.36,2883.8800000000006,131.07999999999998,85.64,525.77,569.78
2020-07-31,2983.9999999999995,2943.11,131.07999999999998,85.67,525.77,579.13
2020-08-01,2797.4100000000003,2860.43,131.07999999999998,86.32000000000001,613.97,573.25
