,index,Date,Region,Thermal Generation Actual (in MU),Thermal Generation Estimated (in MU),Nuclear Generation Actual (in MU),Nuclear Generation Estimated (in MU),Hydro Generation Actual (in MU),Hydro Generation Estimated (in MU),Year,Month,Region Number
3,3,2017-09-01,Eastern,441.02,429.39,0.0,0.0,85.94,69.36,2017,9,0
8,8,2017-09-02,Eastern,441.02,425.75,0.0,0.0,85.94,74.18,2017,9,0
13,13,2017-09-03,Eastern,445.38,427.61,0.0,0.0,85.94,71.05,2017,9,0
18,18,2017-09-04,Eastern,445.38,450.85,0.0,0.0,85.94,75.21,2017,9,0
23,23,2017-09-05,Eastern,449.92,459.09,0.0,0.0,85.94,70.29,2017,9,0
28,28,2017-09-06,Eastern,449.92,464.82,0.0,0.0,85.94,76.43,2017,9,0
33,33,2017-09-07,Eastern,449.92,461.96,0.0,0.0,85.94,75.34,2017,9,0
38,38,2017-09-08,Eastern,455.66,454.88,0.0,0.0,85.94,81.48,2017,9,0
43,43,2017-09-09,Eastern,455.66,455.25,0.0,0.0,85.94,80.46,2017,9,0
48,48,2017-09-10,Eastern,455.66,432.59,0.0,0.0,85.94,72.65,2017,9,0
53,53,2017-09-11,Eastern,455.66,435.21,0.0,0.0,85.94,77.93,2017,9,0
58,58,2017-09-12,Eastern,455.66,440.93,0.0,0.0,85.94,71.55,2017,9,0
63,63,2017-09-13,Eastern,455.66,450.83,0.0,0.0,85.94,72.06,2017,9,0
68,68,2017-09-14,Eastern,455.66,450.78,0.0,0.0,85.94,77.8,2017,9,0
73,73,2017-09-15,Eastern,484.74,438.75,0.0,0.0,85.94,83.76,2017,9,0
78,78,2017-09-16,Eastern,486.07,443.23,0.0,0.0,85.94,79.07,2017,9,0
83,83,2017-09-17,Eastern,486.07,421.62,0.0,0.0,85.94,72.32,2017,9,0
88,88,2017-09-18,Eastern,486.07,390.63,0.0,0.0,85.94,67.06,2017,9,0
93,93,2017-09-19,Eastern,486.07,417.92,0.0,0.0,85.94,69.41,2017,9,0
98,98,2017-09-20,Eastern,486.07,418.22,0.0,0.0,85.94,66.42,2017,9,0
103,103,2017-09-21,Eastern,486.07,438.6,0.0,0.0,85.94,76.02,2017,9,0
108,108,2017-09-22,Eastern,147.51,138.3,0.0,0.0,3.37,2.65,2017,9,0
113,113,2017-09-23,Eastern,486.07,436.38,0.0,0.0,85.94,73.2,2017,9,0
118,118,2017-09-24,Eastern,486.07,437.88,0.0,0.0,85.94,64.41,2017,9,0
123,123,2017-09-25,Eastern,486.07,449.09,0.0,0.0,85.94,71.43,2017,9,0
128,128,2017-09-26,Eastern,486.07,453.26,0.0,0.0,85.94,72.9,2017,9,0
133,133,2017-09-27,Eastern,486.07,445.78,0.0,0.0,85.94,73.83,2017,9,0
138,138,2017-09-28,Eastern,486.07,431.07,0.0,0.0,85.94,70.97,2017,9,0
143,143,2017-09-29,Eastern,486.07,417.12,0.0,0.0,85.94,71.65,2017,9,0
148,148,2017-09-30,Eastern,486.07,403.41,0.0,0.0,85.94,71.71,2017,9,0
153,153,2017-10-01,Eastern,479.5,382.63,0.0,0.0,63.36,71.06,2017,10,0
158,158,2017-10-03,Eastern,479.5,396.4,0.0,0.0,63.36,76.3,2017,10,0
163,163,2017-10-04,Eastern,479.5,387.92,0.0,0.0,63.36,80.68,2017,10,0
168,168,2017-10-05,Eastern,479.5,387.85,0.0,0.0,63.36,81.2,2017,10,0
173,173,2017-10-06,Eastern,479.5,401.48,0.0,0.0,63.36,77.08,2017,10,0
178,178,2017-10-07,Eastern,479.5,402.74,0.0,0.0,63.36,73.75,2017,10,0
183,183,2017-10-08,Eastern,479.5,404.25,0.0,0.0,63.36,72.49,2017,10,0
188,188,2017-10-09,Eastern,479.5,413.99,0.0,0.0,63.36,66.62,2017,10,0
193,193,2017-10-10,Eastern,479.5,419.5,0.0,0.0,63.36,69.8,2017,10,0
198,198,2017-10-11,Eastern,486.88,416.31,0.0,0.0,63.36,73.77,2017,10,0
203,203,2017-10-12,Eastern,486.88,412.28,0.0,0.0,63.36,76.79,2017,10,0
208,208,2017-10-13,Eastern,486.88,400.19,0.0,0.0,63.36,72.37,2017,10,0
213,213,2017-10-14,Eastern,486.88,419.29,0.0,0.0,63.36,74.79,2017,10,0
218,218,2017-10-15,Eastern,486.88,407.83,0.0,0.0,63.36,76.3,2017,10,0
223,223,2017-10-16,Eastern,486.88,413.23,0.0,0.0,63.36,49.46,2017,10,0
228,228,2017-10-17,Eastern,486.88,436.6,0.0,0.0,63.36,63.63,2017,10,0
233,233,2017-10-18,Eastern,486.88,432.78,0.0,0.0,63.36,59.9,2017,10,0
238,238,2017-10-19,Eastern,486.88,421.01,0.0,0.0,63.36,54.78,2017,10,0
243,243,2017-10-20,Eastern,484.8,405.91,0.0,0.0,63.36,55.7,2017,10,0
248,248,2017-10-21,Eastern,473.75,396.47,0.0,0.0,63.36,53.33,2017,10,0
253,253,2017-10-22,Eastern,469.18,412.41,0.0,0.0,63.36,54.17,2017,10,0
258,258,2017-10-23,Eastern,467.82,431.59,0.0,0.0,63.36,53.03,2017,10,0
263,263,2017-10-24,Eastern,467.82,440.35,0.0,0.0,63.36,64.65,2017,10,0
268,268,2017-10-25,Eastern,467.82,438.69,0.0,0.0,63.36,58.72,2017,10,0
273,273,2017-10-26,Eastern,467.82,439.32,0.0,0.0,63.36,54.62,2017,10,0
278,278,2017-10-27,Eastern,469.9,429.63,0.0,0.0,63.36,47.09,2017,10,0
283,283,2017-10-28,Eastern,469.9,429.2,0.0,0.0,63.36,42.38,2017,10,0
288,288,2017-10-29,Eastern,469.9,422.93,0.0,0.0,63.36,41.81,2017,10,0
293,293,2017-10-30,Eastern,469.9,425.51,0.0,0.0,63.36,40.32,2017,10,0
298,298,2017-10-31,Eastern,469.9,422.94,0.0,0.0,63.36,41.37,2017,10,0
303,303,2017-11-01,Eastern,451.11,430.68,0.0,0.0,36.75,39.83,2017,11,0
308,308,2017-11-02,Eastern,451.11,422.37,0.0,0.0,36.75,40.95,2017,11,0
313,313,2017-11-03,Eastern,451.11,437.55,0.0,0.0,36.75,40.48,2017,11,0
318,318,2017-11-04,Eastern,451.11,437.3,0.0,0.0,36.75,39.22,2017,11,0
323,323,2017-11-05,Eastern,451.11,438.22,0.0,0.0,36.75,37.3,2017,11,0
328,328,2017-11-06,Eastern,451.11,432.52,0.0,0.0,36.75,40.17,2017,11,0
333,333,2017-11-07,Eastern,454.86,424.32,0.0,0.0,36.75,39.33,2017,11,0
338,338,2017-11-08,Eastern,454.86,430.26,0.0,0.0,36.75,37.18,2017,11,0
343,343,2017-11-09,Eastern,454.86,426.79,0.0,0.0,36.75,35.99,2017,11,0
348,348,2017-11-10,Eastern,454.86,406.17,0.0,0.0,36.75,37.09,2017,11,0
353,353,2017-11-11,Eastern,454.86,416.83,0.0,0.0,36.75,35.11,2017,11,0
358,358,2017-11-12,Eastern,454.86,416.21,0.0,0.0,36.75,34.09,2017,11,0
363,363,2017-11-13,Eastern,454.86,420.78,0.0,0.0,36.75,38.26,2017,11,0
368,368,2017-11-14,Eastern,454.86,419.03,0.0,0.0,36.75,38.7,2017,11,0
373,373,2017-11-15,Eastern,475.92,407.92,0.0,0.0,36.75,37.27,2017,11,0
378,378,2017-11-16,Eastern,479.32,402.75,0.0,0.0,36.75,34.88,2017,11,0
383,383,2017-11-17,Eastern,479.32,396.23,0.0,0.0,36.75,39.57,2017,11,0
388,388,2017-11-18,Eastern,474.02,399.44,0.0,0.0,36.75,36.53,2017,11,0
393,393,2017-11-19,Eastern,474.02,408.93,0.0,0.0,36.75,28.96,2017,11,0
398,398,2017-11-20,Eastern,474.02,420.4,0.0,0.0,36.75,32.16,2017,11,0
403,403,2017-11-21,Eastern,473.52,410.35,0.0,0.0,36.75,30.49,2017,11,0
408,408,2017-11-22,Eastern,466.65,420.88,0.0,0.0,36.75,29.41,2017,11,0
413,413,2017-11-23,Eastern,466.65,435.01,0.0,0.0,36.75,27.27,2017,11,0
418,418,2017-11-24,Eastern,466.65,450.88,0.0,0.0,36.75,26.97,2017,11,0
423,423,2017-11-25,Eastern,471.95,433.39,0.0,0.0,36.75,27.75,2017,11,0
428,428,2017-11-26,Eastern,477.75,430.58,0.0,0.0,36.75,23.19,2017,11,0
433,433,2017-11-27,Eastern,482.25,440.76,0.0,0.0,36.75,31.02,2017,11,0
438,438,2017-11-28,Eastern,482.25,444.28,0.0,0.0,36.75,31.54,2017,11,0
443,443,2017-11-29,Eastern,482.25,453.69,0.0,0.0,36.75,28.83,2017,11,0
448,448,2017-11-30,Eastern,482.25,456.64,0.0,0.0,36.75,27.96,2017,11,0
453,453,2017-12-01,Eastern,472.6,445.17,0.0,0.0,22.6,27.49,2017,12,0
458,458,2017-12-02,Eastern,472.6,440.62,0.0,0.0,22.6,26.14,2017,12,0
463,463,2017-12-03,Eastern,470.05,437.17,0.0,0.0,22.6,22.66,2017,12,0
468,468,2017-12-04,Eastern,470.05,438.04,0.0,0.0,22.6,26.99,2017,12,0
473,473,2017-12-05,Eastern,470.05,434.27,0.0,0.0,22.6,27.45,2017,12,0
478,478,2017-12-06,Eastern,474.7,442.18,0.0,0.0,22.6,23.15,2017,12,0
483,483,2017-12-07,Eastern,474.7,442.56,0.0,0.0,22.6,22.6,2017,12,0
488,488,2017-12-08,Eastern,474.7,443.99,0.0,0.0,22.6,23.3,2017,12,0
493,493,2017-12-09,Eastern,474.7,447.16,0.0,0.0,22.6,23.99,2017,12,0
498,498,2017-12-10,Eastern,474.7,443.27,0.0,0.0,22.6,22.83,2017,12,0
503,503,2017-12-11,Eastern,474.7,441.27,0.0,0.0,22.6,26.95,2017,12,0
508,508,2017-12-12,Eastern,469.41,442.41,0.0,0.0,22.6,26.29,2017,12,0
513,513,2017-12-13,Eastern,469.41,442.93,0.0,0.0,22.6,27.01,2017,12,0
518,518,2017-12-14,Eastern,469.41,437.12,0.0,0.0,22.6,24.16,2017,12,0
523,523,2017-12-15,Eastern,465.98,439.79,0.0,0.0,22.6,25.25,2017,12,0
528,528,2017-12-16,Eastern,465.98,437.33,0.0,0.0,22.6,21.17,2017,12,0
533,533,2017-12-17,Eastern,461.9,438.66,0.0,0.0,22.6,19.21,2017,12,0
538,538,2017-12-18,Eastern,464.4,447.33,0.0,0.0,22.6,22.61,2017,12,0
543,543,2017-12-19,Eastern,464.19,454.5,0.0,0.0,22.6,22.73,2017,12,0
548,548,2017-12-20,Eastern,464.19,454.44,0.0,0.0,22.6,23.61,2017,12,0
553,553,2017-12-21,Eastern,464.19,451.96,0.0,0.0,22.6,23.94,2017,12,0
558,558,2017-12-22,Eastern,464.19,453.63,0.0,0.0,22.6,24.72,2017,12,0
563,563,2017-12-23,Eastern,466.74,454.66,0.0,0.0,22.6,26.85,2017,12,0
568,568,2017-12-24,Eastern,462.04,450.14,0.0,0.0,22.6,25.19,2017,12,0
573,573,2017-12-25,Eastern,462.04,449.95,0.0,0.0,22.6,25.15,2017,12,0
578,578,2017-12-26,Eastern,471.71,456.19,0.0,0.0,22.6,22.99,2017,12,0
583,583,2017-12-27,Eastern,471.71,465.62,0.0,0.0,22.6,23.07,2017,12,0
588,588,2017-12-28,Eastern,471.71,459.73,0.0,0.0,22.6,22.53,2017,12,0
593,593,2017-12-29,Eastern,471.71,460.81,0.0,0.0,22.6,23.64,2017,12,0
598,598,2017-12-30,Eastern,471.71,450.0,0.0,0.0,22.6,25.34,2017,12,0
603,603,2017-12-31,Eastern,474.71,446.42,0.0,0.0,22.6,22.85,2017,12,0
608,608,2018-01-01,Eastern,478.58,435.94,0.0,0.0,21.76,21.87,2018,1,0
613,613,2018-01-02,Eastern,476.31,454.95,0.0,0.0,21.76,19.36,2018,1,0
618,618,2018-01-03,Eastern,476.31,465.11,0.0,0.0,21.76,18.29,2018,1,0
623,623,2018-01-04,Eastern,476.31,470.32,0.0,0.0,21.76,21.19,2018,1,0
628,628,2018-01-05,Eastern,476.31,469.49,0.0,0.0,21.76,24.36,2018,1,0
633,633,2018-01-06,Eastern,480.54,448.04,0.0,0.0,21.76,23.1,2018,1,0
638,638,2018-01-07,Eastern,480.54,438.99,0.0,0.0,21.76,21.02,2018,1,0
643,643,2018-01-08,Eastern,480.54,451.27,0.0,0.0,21.76,21.11,2018,1,0
648,648,2018-01-09,Eastern,494.84,460.03,0.0,0.0,21.76,23.0,2018,1,0
653,653,2018-01-10,Eastern,494.84,463.6,0.0,0.0,21.76,19.18,2018,1,0
658,658,2018-01-11,Eastern,494.4,453.23,0.0,0.0,21.76,25.26,2018,1,0
663,663,2018-01-12,Eastern,494.4,456.59,0.0,0.0,21.76,25.64,2018,1,0
668,668,2018-01-13,Eastern,494.4,475.49,0.0,0.0,21.76,27.84,2018,1,0
673,673,2018-01-14,Eastern,494.4,460.84,0.0,0.0,21.76,24.24,2018,1,0
678,678,2018-01-15,Eastern,494.84,460.45,0.0,0.0,21.76,19.32,2018,1,0
683,683,2018-01-16,Eastern,494.84,475.27,0.0,0.0,21.76,22.7,2018,1,0
688,688,2018-01-17,Eastern,484.15,490.72,0.0,0.0,21.76,20.24,2018,1,0
693,693,2018-01-18,Eastern,484.15,492.04,0.0,0.0,21.76,24.34,2018,1,0
698,698,2018-01-19,Eastern,484.15,486.65,0.0,0.0,21.76,23.98,2018,1,0
703,703,2018-01-20,Eastern,484.15,487.57,0.0,0.0,21.76,23.02,2018,1,0
708,708,2018-01-21,Eastern,484.15,483.46,0.0,0.0,21.76,20.39,2018,1,0
713,713,2018-01-22,Eastern,486.42,490.75,0.0,0.0,21.76,21.86,2018,1,0
718,718,2018-01-23,Eastern,486.42,493.79,0.0,0.0,21.76,22.28,2018,1,0
723,723,2018-01-24,Eastern,486.42,497.51,0.0,0.0,21.76,22.35,2018,1,0
728,728,2018-01-25,Eastern,486.42,491.14,0.0,0.0,21.76,24.93,2018,1,0
733,733,2018-01-26,Eastern,486.42,471.99,0.0,0.0,21.76,21.15,2018,1,0
738,738,2018-01-27,Eastern,483.54,481.14,0.0,0.0,21.76,22.94,2018,1,0
743,743,2018-01-28,Eastern,483.54,484.25,0.0,0.0,21.76,22.39,2018,1,0
748,748,2018-01-29,Eastern,483.54,483.73,0.0,0.0,21.76,23.58,2018,1,0
753,753,2018-01-30,Eastern,483.54,476.47,0.0,0.0,21.76,22.26,2018,1,0
758,758,2018-01-31,Eastern,483.54,497.16,0.0,0.0,21.76,20.99,2018,1,0
763,763,2018-02-01,Eastern,489.39,507.35,0.0,0.0,25.1,19.21,2018,2,0
768,768,2018-02-02,Eastern,489.39,499.88,0.0,0.0,25.1,20.99,2018,2,0
773,773,2018-02-03,Eastern,485.39,492.35,0.0,0.0,25.1,25.11,2018,2,0
778,778,2018-02-04,Eastern,485.39,474.38,0.0,0.0,25.1,21.0,2018,2,0
783,783,2018-02-05,Eastern,485.39,482.33,0.0,0.0,25.1,25.09,2018,2,0
788,788,2018-02-06,Eastern,488.0,489.71,0.0,0.0,25.1,19.32,2018,2,0
793,793,2018-02-07,Eastern,488.0,504.1,0.0,0.0,25.1,23.18,2018,2,0
798,798,2018-02-08,Eastern,488.0,507.01,0.0,0.0,25.1,27.61,2018,2,0
803,803,2018-02-09,Eastern,488.0,507.11,0.0,0.0,25.1,27.33,2018,2,0
808,808,2018-02-10,Eastern,488.0,513.4,0.0,0.0,25.1,27.15,2018,2,0
813,813,2018-02-11,Eastern,488.0,499.29,0.0,0.0,25.1,23.63,2018,2,0
818,818,2018-02-12,Eastern,488.0,499.69,0.0,0.0,25.1,22.67,2018,2,0
823,823,2018-02-13,Eastern,488.0,500.87,0.0,0.0,25.1,22.31,2018,2,0
828,828,2018-02-14,Eastern,488.0,497.47,0.0,0.0,25.1,21.58,2018,2,0
833,833,2018-02-15,Eastern,488.0,490.15,0.0,0.0,25.1,22.96,2018,2,0
838,838,2018-02-16,Eastern,490.85,496.94,0.0,0.0,25.1,22.43,2018,2,0
843,843,2018-02-17,Eastern,490.85,508.87,0.0,0.0,25.1,23.94,2018,2,0
848,848,2018-02-18,Eastern,490.85,502.79,0.0,0.0,25.1,21.61,2018,2,0
853,853,2018-02-19,Eastern,490.85,504.64,0.0,0.0,25.1,30.21,2018,2,0
858,858,2018-02-20,Eastern,490.85,523.94,0.0,0.0,25.1,24.11,2018,2,0
863,863,2018-02-21,Eastern,490.85,537.61,0.0,0.0,25.1,23.23,2018,2,0
868,868,2018-02-22,Eastern,490.85,545.31,0.0,0.0,25.1,25.22,2018,2,0
873,873,2018-02-23,Eastern,490.85,523.9,0.0,0.0,25.1,27.0,2018,2,0
878,878,2018-02-24,Eastern,490.85,523.0,0.0,0.0,25.1,28.12,2018,2,0
883,883,2018-02-25,Eastern,490.85,532.18,0.0,0.0,25.1,19.05,2018,2,0
888,888,2018-02-26,Eastern,490.85,533.87,0.0,0.0,25.1,22.55,2018,2,0
893,893,2018-02-27,Eastern,495.35,543.05,0.0,0.0,25.1,28.03,2018,2,0
898,898,2018-02-28,Eastern,499.35,543.69,0.0,0.0,25.1,27.92,2018,2,0
903,903,2018-03-01,Eastern,505.24,536.02,0.0,0.0,30.16,21.73,2018,3,0
908,908,2018-03-02,Eastern,505.24,490.72,0.0,0.0,30.16,19.54,2018,3,0
913,913,2018-03-03,Eastern,505.24,492.22,0.0,0.0,30.16,24.95,2018,3,0
918,918,2018-03-04,Eastern,505.24,523.06,0.0,0.0,30.16,25.56,2018,3,0
923,923,2018-03-05,Eastern,501.14,526.63,0.0,0.0,30.16,24.07,2018,3,0
928,928,2018-03-06,Eastern,501.14,520.24,0.0,0.0,30.16,28.06,2018,3,0
933,933,2018-03-07,Eastern,501.14,545.88,0.0,0.0,30.16,25.2,2018,3,0
938,938,2018-03-08,Eastern,501.14,544.58,0.0,0.0,30.16,23.6,2018,3,0
943,943,2018-03-09,Eastern,501.14,541.05,0.0,0.0,30.16,25.77,2018,3,0
948,948,2018-03-10,Eastern,501.14,546.67,0.0,0.0,30.16,25.79,2018,3,0
953,953,2018-03-11,Eastern,501.14,540.23,0.0,0.0,30.16,21.16,2018,3,0
958,958,2018-03-12,Eastern,501.14,544.48,0.0,0.0,30.16,26.71,2018,3,0
963,963,2018-03-13,Eastern,501.14,550.22,0.0,0.0,30.16,26.06,2018,3,0
968,968,2018-03-14,Eastern,501.14,549.61,0.0,0.0,30.16,25.82,2018,3,0
973,973,2018-03-15,Eastern,501.14,545.39,0.0,0.0,30.16,25.58,2018,3,0
978,978,2018-03-16,Eastern,501.14,523.13,0.0,0.0,30.16,25.21,2018,3,0
983,983,2018-03-17,Eastern,501.14,505.9,0.0,0.0,30.16,30.81,2018,3,0
988,988,2018-03-18,Eastern,501.14,497.02,0.0,0.0,30.16,28.07,2018,3,0
993,993,2018-03-19,Eastern,501.14,515.32,0.0,0.0,30.16,27.89,2018,3,0
998,998,2018-03-20,Eastern,501.14,507.57,0.0,0.0,30.16,30.2,2018,3,0
1003,1003,2018-03-21,Eastern,501.14,502.22,0.0,0.0,30.16,33.12,2018,3,0
1008,1008,2018-03-22,Eastern,501.14,518.01,0.0,0.0,30.16,31.93,2018,3,0
1013,1013,2018-03-23,Eastern,501.14,527.94,0.0,0.0,30.16,33.17,2018,3,0
1018,1018,2018-03-24,Eastern,501.14,529.56,0.0,0.0,30.16,34.98,2018,3,0
1023,1023,2018-03-25,Eastern,501.14,531.14,0.0,0.0,30.16,28.23,2018,3,0
1028,1028,2018-03-26,Eastern,505.24,544.38,0.0,0.0,30.16,30.59,2018,3,0
1033,1033,2018-03-27,Eastern,505.24,546.76,0.0,0.0,30.16,31.34,2018,3,0
1038,1038,2018-03-28,Eastern,505.24,559.96,0.0,0.0,30.16,33.73,2018,3,0
1043,1043,2018-03-29,Eastern,505.24,553.61,0.0,0.0,30.16,37.88,2018,3,0
1048,1048,2018-03-30,Eastern,505.24,530.74,0.0,0.0,30.16,29.81,2018,3,0
1053,1053,2018-03-31,Eastern,505.24,509.54,0.0,0.0,30.16,20.87,2018,3,0
1058,1058,2018-04-01,Eastern,471.76,487.76,0.0,0.0,39.12,14.38,2018,4,0
1063,1063,2018-04-02,Eastern,471.76,491.98,0.0,0.0,39.12,23.62,2018,4,0
1068,1068,2018-04-03,Eastern,471.76,532.32,0.0,0.0,39.12,29.03,2018,4,0
1073,1073,2018-04-04,Eastern,471.76,539.86,0.0,0.0,39.12,27.63,2018,4,0
1078,1078,2018-04-05,Eastern,464.13,539.21,0.0,0.0,39.12,27.42,2018,4,0
1083,1083,2018-04-06,Eastern,457.96,536.52,0.0,0.0,39.12,28.04,2018,4,0
1088,1088,2018-04-07,Eastern,457.96,528.48,0.0,0.0,39.12,25.48,2018,4,0
1093,1093,2018-04-08,Eastern,457.96,484.06,0.0,0.0,39.12,27.84,2018,4,0
1098,1098,2018-04-09,Eastern,457.96,513.26,0.0,0.0,39.12,28.56,2018,4,0
1103,1103,2018-04-10,Eastern,457.96,507.13,0.0,0.0,39.12,33.21,2018,4,0
1108,1108,2018-04-11,Eastern,457.96,521.72,0.0,0.0,39.12,46.37,2018,4,0
1113,1113,2018-04-12,Eastern,457.96,514.01,0.0,0.0,39.12,32.6,2018,4,0
1118,1118,2018-04-13,Eastern,457.96,511.87,0.0,0.0,39.12,44.1,2018,4,0
1123,1123,2018-04-14,Eastern,457.96,524.46,0.0,0.0,39.12,56.72,2018,4,0
1128,1128,2018-04-15,Eastern,466.34,522.98,0.0,0.0,39.12,31.43,2018,4,0
1133,1133,2018-04-16,Eastern,466.34,558.77,0.0,0.0,39.12,46.67,2018,4,0
1138,1138,2018-04-17,Eastern,466.34,552.32,0.0,0.0,39.12,34.59,2018,4,0
1143,1143,2018-04-18,Eastern,466.34,534.17,0.0,0.0,39.12,32.63,2018,4,0
1148,1148,2018-04-19,Eastern,466.34,543.68,0.0,0.0,39.12,36.08,2018,4,0
1153,1153,2018-04-20,Eastern,466.34,534.11,0.0,0.0,39.12,40.68,2018,4,0
1158,1158,2018-04-21,Eastern,466.34,525.29,0.0,0.0,39.12,40.98,2018,4,0
1163,1163,2018-04-22,Eastern,466.34,517.23,0.0,0.0,39.12,41.91,2018,4,0
1168,1168,2018-04-23,Eastern,466.34,546.55,0.0,0.0,39.12,44.27,2018,4,0
1173,1173,2018-04-24,Eastern,465.25,524.5,0.0,0.0,39.12,48.82,2018,4,0
1178,1178,2018-04-25,Eastern,465.25,522.58,0.0,0.0,39.12,46.04,2018,4,0
1183,1183,2018-04-26,Eastern,465.25,516.98,0.0,0.0,39.12,41.33,2018,4,0
1188,1188,2018-04-27,Eastern,465.25,515.18,0.0,0.0,39.12,41.09,2018,4,0
1193,1193,2018-04-28,Eastern,465.25,519.88,0.0,0.0,39.12,44.33,2018,4,0
1198,1198,2018-04-29,Eastern,465.25,505.86,0.0,0.0,39.12,24.52,2018,4,0
1203,1203,2018-04-30,Eastern,469.05,466.64,0.0,0.0,39.12,42.25,2018,4,0
1208,1208,2018-05-01,Eastern,469.21,460.44,0.0,0.0,46.26,38.86,2018,5,0
1213,1213,2018-05-02,Eastern,469.21,499.39,0.0,0.0,46.26,41.93,2018,5,0
1218,1218,2018-05-03,Eastern,469.21,488.75,0.0,0.0,46.26,43.22,2018,5,0
1223,1223,2018-05-04,Eastern,469.21,529.05,0.0,0.0,46.26,57.3,2018,5,0
1228,1228,2018-05-05,Eastern,469.21,542.87,0.0,0.0,46.26,59.1,2018,5,0
1233,1233,2018-05-06,Eastern,469.21,533.29,0.0,0.0,46.26,42.2,2018,5,0
1238,1238,2018-05-07,Eastern,469.21,528.5,0.0,0.0,46.26,56.69,2018,5,0
1243,1243,2018-05-08,Eastern,469.21,514.01,0.0,0.0,46.26,66.4,2018,5,0
1248,1248,2018-05-09,Eastern,470.3,518.65,0.0,0.0,46.26,61.0,2018,5,0
1253,1253,2018-05-10,Eastern,470.3,521.92,0.0,0.0,46.26,64.4,2018,5,0
1258,1258,2018-05-11,Eastern,470.3,514.63,0.0,0.0,46.26,57.87,2018,5,0
1263,1263,2018-05-12,Eastern,470.3,497.06,0.0,0.0,46.26,44.54,2018,5,0
1268,1268,2018-05-13,Eastern,470.3,476.61,0.0,0.0,46.26,40.7,2018,5,0
1273,1273,2018-05-14,Eastern,470.3,432.32,0.0,0.0,46.26,39.58,2018,5,0
1278,1278,2018-05-15,Eastern,466.59,489.72,0.0,0.0,46.26,44.36,2018,5,0
1283,1283,2018-05-16,Eastern,466.59,488.95,0.0,0.0,46.26,51.4,2018,5,0
1288,1288,2018-05-17,Eastern,466.59,483.58,0.0,0.0,46.26,48.78,2018,5,0
1293,1293,2018-05-18,Eastern,466.59,492.28,0.0,0.0,46.26,52.24,2018,5,0
1298,1298,2018-05-19,Eastern,466.59,480.38,0.0,0.0,46.26,55.29,2018,5,0
1303,1303,2018-05-20,Eastern,476.59,484.7,0.0,0.0,46.26,45.96,2018,5,0
1308,1308,2018-05-21,Eastern,476.59,509.25,0.0,0.0,46.26,53.83,2018,5,0
1313,1313,2018-05-22,Eastern,476.59,518.57,0.0,0.0,46.26,50.2,2018,5,0
1318,1318,2018-05-23,Eastern,476.59,513.14,0.0,0.0,46.26,55.56,2018,5,0
1323,1323,2018-05-24,Eastern,476.59,514.61,0.0,0.0,46.26,66.9,2018,5,0
1328,1328,2018-05-25,Eastern,476.59,520.6,0.0,0.0,46.26,74.99,2018,5,0
1333,1333,2018-05-26,Eastern,476.59,506.77,0.0,0.0,46.26,74.76,2018,5,0
1338,1338,2018-05-27,Eastern,476.59,510.32,0.0,0.0,46.26,78.56,2018,5,0
1343,1343,2018-05-28,Eastern,476.59,520.07,0.0,0.0,46.26,73.34,2018,5,0
1348,1348,2018-05-29,Eastern,476.59,493.2,0.0,0.0,46.26,65.54,2018,5,0
1353,1353,2018-05-30,Eastern,476.59,524.74,0.0,0.0,46.26,69.76,2018,5,0
1358,1358,2018-05-31,Eastern,476.59,527.71,0.0,0.0,46.26,58.87,2018,5,0
1363,1363,2018-06-01,Eastern,469.15,483.39,0.0,0.0,53.41,58.0,2018,6,0
1368,1368,2018-06-02,Eastern,469.15,507.59,0.0,0.0,53.41,63.95,2018,6,0
1373,1373,2018-06-03,Eastern,469.15,487.41,0.0,0.0,53.41,68.46,2018,6,0
1378,1378,2018-06-04,Eastern,469.15,525.96,0.0,0.0,53.41,64.55,2018,6,0
1383,1383,2018-06-05,Eastern,469.15,524.25,0.0,0.0,53.41,69.79,2018,6,0
1388,1388,2018-06-06,Eastern,469.15,511.67,0.0,0.0,53.41,71.48,2018,6,0
1393,1393,2018-06-07,Eastern,469.15,501.19,0.0,0.0,53.41,76.04,2018,6,0
1398,1398,2018-06-08,Eastern,469.15,477.02,0.0,0.0,53.41,67.67,2018,6,0
1403,1403,2018-06-09,Eastern,472.92,446.31,0.0,0.0,53.41,65.61,2018,6,0
1408,1408,2018-06-10,Eastern,472.92,420.78,0.0,0.0,53.41,64.56,2018,6,0
1413,1413,2018-06-11,Eastern,472.92,451.72,0.0,0.0,53.41,65.75,2018,6,0
1418,1418,2018-06-12,Eastern,469.74,461.16,0.0,0.0,53.41,60.64,2018,6,0
1423,1423,2018-06-13,Eastern,469.74,467.83,0.0,0.0,53.41,66.02,2018,6,0
1428,1428,2018-06-14,Eastern,469.74,467.11,0.0,0.0,53.41,72.36,2018,6,0
1433,1433,2018-06-15,Eastern,469.74,480.35,0.0,0.0,53.41,72.96,2018,6,0
1438,1438,2018-06-16,Eastern,469.74,479.14,0.0,0.0,53.41,77.03,2018,6,0
1443,1443,2018-06-17,Eastern,469.74,445.32,0.0,0.0,53.41,67.91,2018,6,0
1448,1448,2018-06-18,Eastern,469.74,469.73,0.0,0.0,53.41,73.35,2018,6,0
1453,1453,2018-06-19,Eastern,469.74,483.1,0.0,0.0,53.41,78.1,2018,6,0
1458,1458,2018-06-20,Eastern,469.74,490.76,0.0,0.0,53.41,72.12,2018,6,0
1463,1463,2018-06-21,Eastern,476.94,498.97,0.0,0.0,53.41,71.52,2018,6,0
1468,1468,2018-06-22,Eastern,476.94,510.59,0.0,0.0,53.41,68.62,2018,6,0
1473,1473,2018-06-23,Eastern,476.94,512.14,0.0,0.0,53.41,70.7,2018,6,0
1478,1478,2018-06-24,Eastern,473.11,480.27,0.0,0.0,53.41,68.84,2018,6,0
1483,1483,2018-06-25,Eastern,464.19,486.52,0.0,0.0,53.41,66.77,2018,6,0
1488,1488,2018-06-26,Eastern,463.11,474.31,0.0,0.0,53.41,65.96,2018,6,0
1493,1493,2018-06-27,Eastern,463.11,470.65,0.0,0.0,53.41,63.13,2018,6,0
1498,1498,2018-06-28,Eastern,463.11,453.89,0.0,0.0,53.41,61.54,2018,6,0
1503,1503,2018-06-29,Eastern,463.11,477.29,0.0,0.0,53.41,63.37,2018,6,0
1508,1508,2018-06-30,Eastern,463.11,499.53,0.0,0.0,53.41,58.76,2018,6,0
1513,1513,2018-07-01,Eastern,454.23,477.82,0.0,0.0,69.16,57.44,2018,7,0
1518,1518,2018-07-02,Eastern,454.23,471.39,0.0,0.0,69.16,64.17,2018,7,0
1523,1523,2018-07-03,Eastern,449.73,449.38,0.0,0.0,69.16,64.57,2018,7,0
1528,1528,2018-07-04,Eastern,449.73,447.65,0.0,0.0,69.16,65.65,2018,7,0
1533,1533,2018-07-05,Eastern,446.73,471.36,0.0,0.0,69.16,67.16,2018,7,0
1538,1538,2018-07-06,Eastern,446.73,473.75,0.0,0.0,69.16,68.98,2018,7,0
1543,1543,2018-07-07,Eastern,446.73,490.98,0.0,0.0,69.16,67.53,2018,7,0
1548,1548,2018-07-08,Eastern,446.73,610.79,0.0,0.0,69.16,65.88,2018,7,0
1553,1553,2018-07-09,Eastern,446.73,466.35,0.0,0.0,69.16,68.07,2018,7,0
1558,1558,2018-07-10,Eastern,443.4,468.27,0.0,0.0,69.16,58.29,2018,7,0
1563,1563,2018-07-11,Eastern,443.4,467.14,0.0,0.0,69.16,67.67,2018,7,0
1568,1568,2018-07-12,Eastern,443.4,472.7,0.0,0.0,69.16,68.18,2018,7,0
1573,1573,2018-07-13,Eastern,446.35,459.06,0.0,0.0,69.16,65.23,2018,7,0
1578,1578,2018-07-14,Eastern,446.35,462.54,0.0,0.0,69.16,63.32,2018,7,0
1583,1583,2018-07-15,Eastern,445.06,453.67,0.0,0.0,69.16,64.51,2018,7,0
1588,1588,2018-07-16,Eastern,445.06,443.14,0.0,0.0,69.16,65.5,2018,7,0
1593,1593,2018-07-17,Eastern,445.06,437.41,0.0,0.0,69.16,71.55,2018,7,0
1598,1598,2018-07-18,Eastern,445.06,443.31,0.0,0.0,69.16,76.8,2018,7,0
1603,1603,2018-07-19,Eastern,445.06,450.44,0.0,0.0,69.16,77.68,2018,7,0
1608,1608,2018-07-20,Eastern,445.06,457.58,0.0,0.0,69.16,63.61,2018,7,0
1613,1613,2018-07-21,Eastern,445.06,428.0,0.0,0.0,69.16,56.83,2018,7,0
1618,1618,2018-07-22,Eastern,445.06,401.62,0.0,0.0,69.16,58.34,2018,7,0
1623,1623,2018-07-23,Eastern,445.06,435.66,0.0,0.0,69.16,69.04,2018,7,0
1628,1628,2018-07-24,Eastern,445.06,450.98,0.0,0.0,69.16,75.42,2018,7,0
1633,1633,2018-07-25,Eastern,450.92,431.95,0.0,0.0,69.16,73.84,2018,7,0
1638,1638,2018-07-26,Eastern,452.09,412.88,0.0,0.0,69.16,74.91,2018,7,0
1643,1643,2018-07-27,Eastern,452.09,424.56,0.0,0.0,69.16,79.08,2018,7,0
1648,1648,2018-07-28,Eastern,452.09,444.38,0.0,0.0,69.16,78.22,2018,7,0
1653,1653,2018-07-29,Eastern,452.09,431.32,0.0,0.0,69.16,74.56,2018,7,0
1658,1658,2018-07-30,Eastern,452.09,474.02,0.0,0.0,69.16,70.28,2018,7,0
1663,1663,2018-07-31,Eastern,464.09,474.24,0.0,0.0,69.16,52.0,2018,7,0
1668,1668,2018-08-01,Eastern,443.45,451.18,0.0,0.0,77.99,50.44,2018,8,0
1673,1673,2018-08-02,Eastern,444.77,444.8,0.0,0.0,77.99,57.08,2018,8,0
1678,1678,2018-08-03,Eastern,444.77,455.76,0.0,0.0,77.99,63.57,2018,8,0
1683,1683,2018-08-04,Eastern,448.09,464.57,0.0,0.0,77.99,80.25,2018,8,0
1688,1688,2018-08-05,Eastern,444.09,451.04,0.0,0.0,77.99,79.19,2018,8,0
1693,1693,2018-08-06,Eastern,445.4,444.86,0.0,0.0,77.99,79.49,2018,8,0
1698,1698,2018-08-07,Eastern,445.4,453.8,0.0,0.0,77.99,76.17,2018,8,0
1703,1703,2018-08-08,Eastern,445.4,453.1,0.0,0.0,77.99,75.83,2018,8,0
1708,1708,2018-08-09,Eastern,445.4,466.52,0.0,0.0,77.99,79.67,2018,8,0
1713,1713,2018-08-10,Eastern,430.87,465.25,0.0,0.0,77.99,83.06,2018,8,0
1718,1718,2018-08-11,Eastern,430.87,449.78,0.0,0.0,77.99,81.85,2018,8,0
1723,1723,2018-08-12,Eastern,430.87,427.46,0.0,0.0,77.99,63.78,2018,8,0
1728,1728,2018-08-13,Eastern,430.87,432.54,0.0,0.0,77.99,65.0,2018,8,0
1733,1733,2018-08-14,Eastern,430.87,441.61,0.0,0.0,77.99,78.76,2018,8,0
1738,1738,2018-08-15,Eastern,423.84,412.94,0.0,0.0,77.99,69.09,2018,8,0
1743,1743,2018-08-16,Eastern,423.84,431.46,0.0,0.0,77.99,69.5,2018,8,0
1748,1748,2018-08-17,Eastern,423.84,457.02,0.0,0.0,77.99,75.28,2018,8,0
1753,1753,2018-08-18,Eastern,423.84,463.7,0.0,0.0,77.99,77.4,2018,8,0
1758,1758,2018-08-19,Eastern,423.84,432.6,0.0,0.0,77.99,79.54,2018,8,0
1763,1763,2018-08-20,Eastern,413.73,418.84,0.0,0.0,77.99,75.56,2018,8,0
1768,1768,2018-08-21,Eastern,415.73,442.74,0.0,0.0,77.99,82.45,2018,8,0
1773,1773,2018-08-22,Eastern,415.73,453.1,0.0,0.0,77.99,81.95,2018,8,0
1778,1778,2018-08-23,Eastern,419.4,444.75,0.0,0.0,77.99,85.95,2018,8,0
1783,1783,2018-08-24,Eastern,419.4,440.34,0.0,0.0,77.99,86.12,2018,8,0
1788,1788,2018-08-25,Eastern,419.4,400.78,0.0,0.0,77.99,79.81,2018,8,0
1793,1793,2018-08-26,Eastern,424.9,389.36,0.0,0.0,77.99,79.74,2018,8,0
1798,1798,2018-08-27,Eastern,424.9,411.18,0.0,0.0,77.99,79.67,2018,8,0
1803,1803,2018-08-28,Eastern,423.42,419.95,0.0,0.0,77.99,88.95,2018,8,0
1808,1808,2018-08-29,Eastern,423.42,421.45,0.0,0.0,77.99,88.7,2018,8,0
1813,1813,2018-08-30,Eastern,423.42,415.05,0.0,0.0,77.99,86.99,2018,8,0
1818,1818,2018-09-01,Eastern,418.45,412.97,0.0,0.0,79.0,85.57,2018,9,0
1823,1823,2018-09-02,Eastern,418.45,384.66,0.0,0.0,79.0,84.35,2018,9,0
1828,1828,2018-09-03,Eastern,418.45,405.33,0.0,0.0,79.0,83.05,2018,9,0
1833,1833,2018-09-04,Eastern,418.45,422.21,0.0,0.0,79.0,90.11,2018,9,0
1838,1838,2018-09-05,Eastern,433.26,425.18,0.0,0.0,79.0,93.14,2018,9,0
1843,1843,2018-09-06,Eastern,433.26,413.39,0.0,0.0,79.0,91.5,2018,9,0
1848,1848,2018-09-07,Eastern,433.26,414.15,0.0,0.0,79.0,94.13,2018,9,0
1853,1853,2018-09-08,Eastern,433.26,431.96,0.0,0.0,79.0,91.2,2018,9,0
1858,1858,2018-09-09,Eastern,433.26,446.75,0.0,0.0,79.0,94.09,2018,9,0
1863,1863,2018-09-10,Eastern,428.15,436.22,0.0,0.0,79.0,93.37,2018,9,0
1868,1868,2018-09-11,Eastern,431.25,429.86,0.0,0.0,79.0,95.96,2018,9,0
1873,1873,2018-09-12,Eastern,431.25,431.75,0.0,0.0,79.0,94.98,2018,9,0
1878,1878,2018-09-13,Eastern,431.25,440.92,0.0,0.0,79.0,90.88,2018,9,0
1883,1883,2018-09-14,Eastern,449.66,439.14,0.0,0.0,79.0,91.68,2018,9,0
1888,1888,2018-09-15,Eastern,449.66,439.53,0.0,0.0,79.0,93.84,2018,9,0
1893,1893,2018-09-16,Eastern,456.4,433.39,0.0,0.0,79.0,89.94,2018,9,0
1898,1898,2018-09-17,Eastern,456.4,429.61,0.0,0.0,79.0,90.95,2018,9,0
1903,1903,2018-09-18,Eastern,456.4,440.48,0.0,0.0,79.0,93.44,2018,9,0
1908,1908,2018-09-19,Eastern,456.4,443.39,0.0,0.0,79.0,93.54,2018,9,0
1913,1913,2018-09-20,Eastern,456.4,430.71,0.0,0.0,79.0,87.46,2018,9,0
1918,1918,2018-09-21,Eastern,456.4,386.48,0.0,0.0,79.0,87.19,2018,9,0
1923,1923,2018-09-22,Eastern,456.4,402.19,0.0,0.0,79.0,90.41,2018,9,0
1928,1928,2018-09-23,Eastern,456.4,412.32,0.0,0.0,79.0,97.01,2018,9,0
1933,1933,2018-09-24,Eastern,456.4,409.62,0.0,0.0,79.0,92.63,2018,9,0
1938,1938,2018-09-25,Eastern,462.23,411.31,0.0,0.0,79.0,91.72,2018,9,0
1943,1943,2018-09-26,Eastern,462.23,423.29,0.0,0.0,79.0,86.24,2018,9,0
1948,1948,2018-09-27,Eastern,466.73,422.83,0.0,0.0,79.0,84.01,2018,9,0
1953,1953,2018-09-28,Eastern,466.73,423.77,0.0,0.0,79.0,90.62,2018,9,0
1958,1958,2018-09-29,Eastern,466.73,418.95,0.0,0.0,79.0,89.88,2018,9,0
1963,1963,2018-09-30,Eastern,467.79,397.99,0.0,0.0,79.0,87.53,2018,9,0
1968,1968,2018-10-01,Eastern,485.84,409.69,0.0,0.0,55.26,81.87,2018,10,0
1973,1973,2018-10-02,Eastern,485.84,414.87,0.0,0.0,55.26,83.32,2018,10,0
1978,1978,2018-10-03,Eastern,485.84,428.21,0.0,0.0,55.26,89.56,2018,10,0
1983,1983,2018-10-04,Eastern,485.84,420.27,0.0,0.0,55.26,90.78,2018,10,0
1988,1988,2018-10-05,Eastern,485.84,418.07,0.0,0.0,55.26,94.16,2018,10,0
1993,1993,2018-10-06,Eastern,485.84,427.52,0.0,0.0,55.26,93.8,2018,10,0
1998,1998,2018-10-07,Eastern,485.84,440.85,0.0,0.0,55.26,89.65,2018,10,0
2003,2003,2018-10-08,Eastern,485.84,467.98,0.0,0.0,55.26,85.83,2018,10,0
2008,2008,2018-10-09,Eastern,485.84,467.88,0.0,0.0,55.26,82.3,2018,10,0
2013,2013,2018-10-10,Eastern,485.84,485.95,0.0,0.0,55.26,75.28,2018,10,0
2018,2018,2018-10-11,Eastern,485.84,451.91,0.0,0.0,55.26,67.25,2018,10,0
2023,2023,2018-10-12,Eastern,485.84,447.86,0.0,0.0,55.26,64.59,2018,10,0
2028,2028,2018-10-13,Eastern,481.42,470.32,0.0,0.0,55.26,60.76,2018,10,0
2033,2033,2018-10-14,Eastern,481.42,479.66,0.0,0.0,55.26,66.54,2018,10,0
2038,2038,2018-10-15,Eastern,481.42,477.19,0.0,0.0,55.26,69.69,2018,10,0
2043,2043,2018-10-16,Eastern,481.42,477.09,0.0,0.0,55.26,62.58,2018,10,0
2048,2048,2018-10-17,Eastern,484.42,478.79,0.0,0.0,55.26,64.36,2018,10,0
2053,2053,2018-10-18,Eastern,484.42,483.23,0.0,0.0,55.26,66.41,2018,10,0
2058,2058,2018-10-19,Eastern,484.42,469.26,0.0,0.0,55.26,65.08,2018,10,0
2063,2063,2018-10-20,Eastern,484.42,463.89,0.0,0.0,55.26,70.54,2018,10,0
2068,2068,2018-10-21,Eastern,484.42,453.43,0.0,0.0,55.26,66.66,2018,10,0
2073,2073,2018-10-22,Eastern,484.42,452.26,0.0,0.0,55.26,70.38,2018,10,0
2078,2078,2018-10-23,Eastern,484.42,455.06,0.0,0.0,55.26,67.69,2018,10,0
2083,2083,2018-10-24,Eastern,484.42,449.08,0.0,0.0,55.26,68.62,2018,10,0
2088,2088,2018-10-25,Eastern,484.42,446.89,0.0,0.0,55.26,60.66,2018,10,0
2093,2093,2018-10-26,Eastern,484.42,449.66,0.0,0.0,55.26,60.67,2018,10,0
2098,2098,2018-10-27,Eastern,484.42,454.06,0.0,0.0,55.26,57.68,2018,10,0
2103,2103,2018-10-28,Eastern,484.42,451.77,0.0,0.0,55.26,49.28,2018,10,0
2108,2108,2018-10-29,Eastern,482.31,453.45,0.0,0.0,55.26,53.02,2018,10,0
2113,2113,2018-10-30,Eastern,482.31,454.38,0.0,0.0,55.26,58.07,2018,10,0
2118,2118,2018-10-31,Eastern,482.31,471.8,0.0,0.0,55.26,58.0,2018,10,0
2123,2123,2018-11-01,Eastern,482.39,485.87,0.0,0.0,31.2,46.03,2018,11,0
2128,2128,2018-11-02,Eastern,482.39,488.04,0.0,0.0,31.2,48.42,2018,11,0
2133,2133,2018-11-03,Eastern,482.39,485.63,0.0,0.0,31.2,51.03,2018,11,0
2138,2138,2018-11-04,Eastern,482.39,479.0,0.0,0.0,31.2,50.7,2018,11,0
2143,2143,2018-11-05,Eastern,484.51,478.04,0.0,0.0,31.2,48.55,2018,11,0
2148,2148,2018-11-06,Eastern,484.51,477.69,0.0,0.0,31.2,40.83,2018,11,0
2153,2153,2018-11-07,Eastern,488.93,451.88,0.0,0.0,31.2,36.97,2018,11,0
2158,2158,2018-11-08,Eastern,488.93,458.67,0.0,0.0,31.2,36.89,2018,11,0
2163,2163,2018-11-09,Eastern,488.93,463.75,0.0,0.0,31.2,32.92,2018,11,0
2168,2168,2018-11-10,Eastern,478.82,455.26,0.0,0.0,31.2,35.24,2018,11,0
2173,2173,2018-11-11,Eastern,481.92,446.18,0.0,0.0,31.2,33.71,2018,11,0
2178,2178,2018-11-12,Eastern,471.04,472.94,0.0,0.0,31.2,32.97,2018,11,0
2183,2183,2018-11-13,Eastern,471.04,463.25,0.0,0.0,31.2,36.72,2018,11,0
2188,2188,2018-11-14,Eastern,471.04,455.28,0.0,0.0,31.2,38.92,2018,11,0
2193,2193,2018-11-15,Eastern,468.47,461.5,0.0,0.0,31.2,38.61,2018,11,0
2198,2198,2018-11-16,Eastern,459.14,479.94,0.0,0.0,31.2,36.89,2018,11,0
2203,2203,2018-11-17,Eastern,459.14,476.59,0.0,0.0,31.2,36.96,2018,11,0
2208,2208,2018-11-18,Eastern,459.14,468.3,0.0,0.0,31.2,34.04,2018,11,0
2213,2213,2018-11-19,Eastern,459.14,484.01,0.0,0.0,31.2,33.68,2018,11,0
2218,2218,2018-11-20,Eastern,459.14,488.21,0.0,0.0,31.2,34.48,2018,11,0
2223,2223,2018-11-21,Eastern,459.14,493.74,0.0,0.0,31.2,34.3,2018,11,0
2228,2228,2018-11-22,Eastern,459.14,485.07,0.0,0.0,31.2,42.05,2018,11,0
2233,2233,2018-11-23,Eastern,464.35,475.91,0.0,0.0,31.2,39.92,2018,11,0
2238,2238,2018-11-24,Eastern,464.35,451.79,0.0,0.0,31.2,39.32,2018,11,0
2243,2243,2018-11-25,Eastern,464.35,439.96,0.0,0.0,31.2,32.97,2018,11,0
2248,2248,2018-11-26,Eastern,464.35,450.74,0.0,0.0,31.2,34.36,2018,11,0
2253,2253,2018-11-27,Eastern,464.35,455.87,0.0,0.0,31.2,36.59,2018,11,0
2258,2258,2018-11-28,Eastern,464.35,469.73,0.0,0.0,31.2,31.62,2018,11,0
2263,2263,2018-11-29,Eastern,464.35,465.87,0.0,0.0,31.2,35.44,2018,11,0
2268,2268,2018-11-30,Eastern,470.02,469.23,0.0,0.0,31.2,32.91,2018,11,0
2273,2273,2018-12-01,Eastern,464.61,468.82,0.0,0.0,22.67,29.79,2018,12,0
2278,2278,2018-12-02,Eastern,458.92,472.5,0.0,0.0,22.67,24.02,2018,12,0
2283,2283,2018-12-03,Eastern,458.92,462.47,0.0,0.0,22.67,26.72,2018,12,0
2288,2288,2018-12-04,Eastern,458.92,466.22,0.0,0.0,22.67,23.69,2018,12,0
2293,2293,2018-12-05,Eastern,458.92,465.67,0.0,0.0,22.67,25.9,2018,12,0
2298,2298,2018-12-06,Eastern,458.92,471.71,0.0,0.0,22.67,27.8,2018,12,0
2303,2303,2018-12-07,Eastern,458.92,475.5,0.0,0.0,22.67,26.35,2018,12,0
2308,2308,2018-12-08,Eastern,458.92,474.99,0.0,0.0,22.67,25.95,2018,12,0
2313,2313,2018-12-09,Eastern,458.92,470.78,0.0,0.0,22.67,23.69,2018,12,0
2318,2318,2018-12-10,Eastern,469.01,466.19,0.0,0.0,22.67,27.31,2018,12,0
2323,2323,2018-12-11,Eastern,481.72,474.07,0.0,0.0,22.67,26.2,2018,12,0
2328,2328,2018-12-12,Eastern,469.81,470.26,0.0,0.0,22.67,24.69,2018,12,0
2333,2333,2018-12-13,Eastern,469.81,472.85,0.0,0.0,22.67,24.81,2018,12,0
2338,2338,2018-12-14,Eastern,469.81,466.55,0.0,0.0,22.67,26.05,2018,12,0
2343,2343,2018-12-15,Eastern,472.34,462.78,0.0,0.0,22.67,28.67,2018,12,0
2348,2348,2018-12-16,Eastern,472.34,442.31,0.0,0.0,22.67,26.13,2018,12,0
2353,2353,2018-12-17,Eastern,478.03,445.55,0.0,0.0,22.67,24.11,2018,12,0
2358,2358,2018-12-18,Eastern,478.03,447.86,0.0,0.0,22.67,25.78,2018,12,0
2363,2363,2018-12-19,Eastern,472.3,444.22,0.0,0.0,22.67,26.03,2018,12,0
2368,2368,2018-12-20,Eastern,472.3,445.85,0.0,0.0,22.67,38.02,2018,12,0
2373,2373,2018-12-21,Eastern,472.3,461.51,0.0,0.0,22.67,32.02,2018,12,0
2378,2378,2018-12-22,Eastern,476.7,466.72,0.0,0.0,22.67,30.82,2018,12,0
2383,2383,2018-12-23,Eastern,476.7,469.87,0.0,0.0,22.67,23.95,2018,12,0
2388,2388,2018-12-24,Eastern,482.43,461.43,0.0,0.0,22.67,30.54,2018,12,0
2393,2393,2018-12-25,Eastern,482.43,449.77,0.0,0.0,22.67,34.43,2018,12,0
2398,2398,2018-12-26,Eastern,482.43,465.85,0.0,0.0,22.67,26.05,2018,12,0
2403,2403,2018-12-27,Eastern,482.43,467.74,0.0,0.0,22.67,35.33,2018,12,0
2408,2408,2018-12-28,Eastern,482.43,462.88,0.0,0.0,22.67,31.84,2018,12,0
2413,2413,2018-12-29,Eastern,482.43,457.34,0.0,0.0,22.67,32.1,2018,12,0
2418,2418,2018-12-30,Eastern,482.43,468.83,0.0,0.0,22.67,21.58,2018,12,0
2423,2423,2018-12-31,Eastern,483.43,471.86,0.0,0.0,22.67,26.89,2018,12,0
2428,2428,2019-01-01,Eastern,492.44,477.12,0.0,0.0,22.84,24.15,2019,1,0
2433,2433,2019-01-02,Eastern,492.44,477.13,0.0,0.0,22.84,27.1,2019,1,0
2438,2438,2019-01-03,Eastern,492.44,485.4,0.0,0.0,22.84,26.89,2019,1,0
2443,2443,2019-01-04,Eastern,492.44,477.45,0.0,0.0,22.84,28.1,2019,1,0
2448,2448,2019-01-05,Eastern,492.43,467.18,0.0,0.0,22.84,26.46,2019,1,0
2453,2453,2019-01-06,Eastern,492.43,461.64,0.0,0.0,22.84,25.6,2019,1,0
2458,2458,2019-01-07,Eastern,492.43,465.93,0.0,0.0,22.84,24.19,2019,1,0
2463,2463,2019-01-08,Eastern,492.43,482.08,0.0,0.0,22.84,19.89,2019,1,0
2468,2468,2019-01-09,Eastern,492.43,477.99,0.0,0.0,22.84,22.79,2019,1,0
2473,2473,2019-01-10,Eastern,492.43,487.67,0.0,0.0,22.84,20.91,2019,1,0
2478,2478,2019-01-11,Eastern,496.67,492.22,0.0,0.0,22.84,23.38,2019,1,0
2483,2483,2019-01-12,Eastern,496.67,497.72,0.0,0.0,22.84,22.63,2019,1,0
2488,2488,2019-01-13,Eastern,496.67,476.33,0.0,0.0,22.84,17.94,2019,1,0
2493,2493,2019-01-14,Eastern,496.67,477.47,0.0,0.0,22.84,20.35,2019,1,0
2498,2498,2019-01-15,Eastern,496.67,476.03,0.0,0.0,22.84,23.87,2019,1,0
2503,2503,2019-01-16,Eastern,508.61,484.5,0.0,0.0,22.84,21.69,2019,1,0
2508,2508,2019-01-17,Eastern,498.04,489.93,0.0,0.0,22.84,25.59,2019,1,0
2513,2513,2019-01-18,Eastern,498.04,483.14,0.0,0.0,22.84,29.69,2019,1,0
2518,2518,2019-01-19,Eastern,498.04,487.86,0.0,0.0,22.84,26.83,2019,1,0
2523,2523,2019-01-20,Eastern,498.35,483.75,0.0,0.0,22.84,22.58,2019,1,0
2528,2528,2019-01-21,Eastern,498.35,465.54,0.0,0.0,22.84,28.18,2019,1,0
2533,2533,2019-01-22,Eastern,498.35,459.56,0.0,0.0,22.84,33.64,2019,1,0
2538,2538,2019-01-23,Eastern,498.35,484.63,0.0,0.0,22.84,27.89,2019,1,0
2543,2543,2019-01-24,Eastern,498.35,479.58,0.0,0.0,22.84,25.22,2019,1,0
2548,2548,2019-01-25,Eastern,498.35,480.53,0.0,0.0,22.84,23.34,2019,1,0
2553,2553,2019-01-26,Eastern,498.35,462.69,0.0,0.0,22.84,24.55,2019,1,0
2558,2558,2019-01-27,Eastern,498.35,464.81,0.0,0.0,22.84,20.32,2019,1,0
2563,2563,2019-01-28,Eastern,498.35,480.3,0.0,0.0,22.84,27.0,2019,1,0
2568,2568,2019-01-29,Eastern,498.35,495.92,0.0,0.0,22.84,25.32,2019,1,0
2573,2573,2019-01-30,Eastern,498.35,509.53,0.0,0.0,22.84,25.22,2019,1,0
2578,2578,2019-01-31,Eastern,498.35,503.77,0.0,0.0,22.84,24.45,2019,1,0
2583,2583,2019-02-01,Eastern,497.42,497.29,0.0,0.0,24.0,25.22,2019,2,0
2588,2588,2019-02-02,Eastern,497.42,495.15,0.0,0.0,24.0,24.73,2019,2,0
2593,2593,2019-02-03,Eastern,497.42,479.44,0.0,0.0,24.0,24.24,2019,2,0
2598,2598,2019-02-04,Eastern,497.42,485.02,0.0,0.0,24.0,28.95,2019,2,0
2603,2603,2019-02-05,Eastern,497.42,504.31,0.0,0.0,24.0,26.82,2019,2,0
2608,2608,2019-02-06,Eastern,497.42,510.15,0.0,0.0,24.0,28.62,2019,2,0
2613,2613,2019-02-07,Eastern,497.42,505.99,0.0,0.0,24.0,23.24,2019,2,0
2618,2618,2019-02-08,Eastern,492.71,497.19,0.0,0.0,24.0,26.58,2019,2,0
2623,2623,2019-02-09,Eastern,492.71,489.36,0.0,0.0,24.0,25.94,2019,2,0
2628,2628,2019-02-10,Eastern,492.71,494.68,0.0,0.0,24.0,22.24,2019,2,0
2633,2633,2019-02-11,Eastern,497.1,503.71,0.0,0.0,24.0,24.83,2019,2,0
2638,2638,2019-02-12,Eastern,497.1,505.56,0.0,0.0,24.0,27.32,2019,2,0
2643,2643,2019-02-13,Eastern,497.1,511.57,0.0,0.0,24.0,25.18,2019,2,0
2648,2648,2019-02-14,Eastern,497.1,520.22,0.0,0.0,24.0,25.59,2019,2,0
2653,2653,2019-02-15,Eastern,497.1,508.54,0.0,0.0,24.0,27.04,2019,2,0
2658,2658,2019-02-16,Eastern,497.1,486.64,0.0,0.0,24.0,24.0,2019,2,0
2663,2663,2019-02-17,Eastern,497.1,459.92,0.0,0.0,24.0,22.8,2019,2,0
2668,2668,2019-02-18,Eastern,497.1,467.47,0.0,0.0,24.0,29.91,2019,2,0
2673,2673,2019-02-19,Eastern,497.1,489.08,0.0,0.0,24.0,29.88,2019,2,0
2678,2678,2019-02-20,Eastern,497.1,478.85,0.0,0.0,24.0,33.38,2019,2,0
2683,2683,2019-02-21,Eastern,504.35,489.9,0.0,0.0,24.0,30.12,2019,2,0
2688,2688,2019-02-22,Eastern,504.35,506.59,0.0,0.0,24.0,30.34,2019,2,0
2693,2693,2019-02-23,Eastern,504.35,511.51,0.0,0.0,24.0,29.04,2019,2,0
2698,2698,2019-02-24,Eastern,504.35,500.31,0.0,0.0,24.0,25.29,2019,2,0
2703,2703,2019-02-25,Eastern,504.35,482.66,0.0,0.0,24.0,25.77,2019,2,0
2708,2708,2019-02-26,Eastern,504.35,485.83,0.0,0.0,24.0,29.08,2019,2,0
2713,2713,2019-02-27,Eastern,504.35,473.7,0.0,0.0,24.0,28.08,2019,2,0
2718,2718,2019-02-28,Eastern,504.35,480.02,0.0,0.0,24.0,27.21,2019,2,0
2723,2723,2019-03-01,Eastern,504.47,464.87,0.0,0.0,29.22,26.8,2019,3,0
2728,2728,2019-03-02,Eastern,504.47,466.76,0.0,0.0,29.22,25.35,2019,3,0
2733,2733,2019-03-03,Eastern,504.47,475.35,0.0,0.0,29.22,25.05,2019,3,0
2738,2738,2019-03-04,Eastern,504.47,479.64,0.0,0.0,29.22,25.13,2019,3,0
2743,2743,2019-03-05,Eastern,504.47,492.45,0.0,0.0,29.22,29.79,2019,3,0
2748,2748,2019-03-06,Eastern,504.47,490.23,0.0,0.0,29.22,33.22,2019,3,0
2753,2753,2019-03-07,Eastern,504.47,502.32,0.0,0.0,29.22,30.57,2019,3,0
2758,2758,2019-03-08,Eastern,504.47,493.33,0.0,0.0,29.22,30.45,2019,3,0
2763,2763,2019-03-09,Eastern,504.47,501.3,0.0,0.0,29.22,35.73,2019,3,0
2768,2768,2019-03-10,Eastern,504.47,518.35,0.0,0.0,29.22,30.16,2019,3,0
2773,2773,2019-03-11,Eastern,504.47,538.01,0.0,0.0,29.22,36.34,2019,3,0
2778,2778,2019-03-12,Eastern,504.47,540.64,0.0,0.0,29.22,37.34,2019,3,0
2783,2783,2019-03-13,Eastern,504.47,535.98,0.0,0.0,29.22,37.1,2019,3,0
2788,2788,2019-03-14,Eastern,504.47,533.24,0.0,0.0,29.22,34.81,2019,3,0
2793,2793,2019-03-15,Eastern,504.47,505.18,0.0,0.0,29.22,39.61,2019,3,0
2798,2798,2019-03-16,Eastern,508.97,504.24,0.0,0.0,29.22,38.02,2019,3,0
2803,2803,2019-03-17,Eastern,508.97,477.01,0.0,0.0,29.22,32.7,2019,3,0
2808,2808,2019-03-18,Eastern,508.97,491.13,0.0,0.0,29.22,27.3,2019,3,0
2813,2813,2019-03-19,Eastern,508.97,515.35,0.0,0.0,29.22,34.07,2019,3,0
2818,2818,2019-03-20,Eastern,508.97,517.3,0.0,0.0,29.22,36.43,2019,3,0
2823,2823,2019-03-21,Eastern,508.97,465.95,0.0,0.0,29.22,30.0,2019,3,0
2828,2828,2019-03-22,Eastern,500.87,495.87,0.0,0.0,29.22,30.09,2019,3,0
2833,2833,2019-03-23,Eastern,500.87,515.41,0.0,0.0,29.22,32.41,2019,3,0
2838,2838,2019-03-24,Eastern,500.87,517.0,0.0,0.0,29.22,30.84,2019,3,0
2843,2843,2019-03-25,Eastern,500.87,539.14,0.0,0.0,29.22,36.1,2019,3,0
2848,2848,2019-03-26,Eastern,500.87,520.41,0.0,0.0,29.22,37.19,2019,3,0
2853,2853,2019-03-27,Eastern,500.87,536.15,0.0,0.0,29.22,39.76,2019,3,0
2858,2858,2019-03-28,Eastern,500.87,548.13,0.0,0.0,29.22,42.03,2019,3,0
2863,2863,2019-03-29,Eastern,500.87,562.16,0.0,0.0,29.22,36.66,2019,3,0
2868,2868,2019-03-30,Eastern,500.87,547.65,0.0,0.0,29.22,43.52,2019,3,0
2873,2873,2019-03-31,Eastern,500.87,515.08,0.0,0.0,29.22,49.77,2019,3,0
2878,2878,2019-04-01,Eastern,526.12,492.91,0.0,0.0,44.26,47.67,2019,4,0
2883,2883,2019-04-02,Eastern,526.12,552.31,0.0,0.0,44.26,42.88,2019,4,0
2888,2888,2019-04-03,Eastern,526.12,575.35,0.0,0.0,44.26,39.92,2019,4,0
2893,2893,2019-04-04,Eastern,526.12,580.84,0.0,0.0,44.26,40.36,2019,4,0
2898,2898,2019-04-05,Eastern,526.12,567.83,0.0,0.0,44.26,37.6,2019,4,0
2903,2903,2019-04-06,Eastern,515.16,520.82,0.0,0.0,44.26,37.5,2019,4,0
2908,2908,2019-04-07,Eastern,515.16,456.77,0.0,0.0,44.26,36.31,2019,4,0
2913,2913,2019-04-08,Eastern,515.16,507.71,0.0,0.0,44.26,33.4,2019,4,0
2918,2918,2019-04-09,Eastern,515.16,509.04,0.0,0.0,44.26,40.27,2019,4,0
2923,2923,2019-04-10,Eastern,515.16,492.0,0.0,0.0,44.26,49.6,2019,4,0
2928,2928,2019-04-11,Eastern,515.16,516.4,0.0,0.0,44.26,49.5,2019,4,0
2933,2933,2019-04-12,Eastern,515.16,520.26,0.0,0.0,44.26,53.07,2019,4,0
2938,2938,2019-04-13,Eastern,515.16,531.81,0.0,0.0,44.26,46.1,2019,4,0
2943,2943,2019-04-14,Eastern,515.16,499.49,0.0,0.0,44.26,54.7,2019,4,0
2948,2948,2019-04-15,Eastern,515.16,524.77,0.0,0.0,44.26,50.42,2019,4,0
2953,2953,2019-04-16,Eastern,511.16,509.51,0.0,0.0,44.26,44.36,2019,4,0
2958,2958,2019-04-17,Eastern,511.16,473.22,0.0,0.0,44.26,54.68,2019,4,0
2963,2963,2019-04-18,Eastern,511.16,501.6,0.0,0.0,44.26,53.27,2019,4,0
2968,2968,2019-04-19,Eastern,511.16,525.69,0.0,0.0,44.26,46.71,2019,4,0
2973,2973,2019-04-20,Eastern,511.16,531.2,0.0,0.0,44.26,42.95,2019,4,0
2978,2978,2019-04-21,Eastern,511.16,510.14,0.0,0.0,44.26,39.73,2019,4,0
2983,2983,2019-04-22,Eastern,511.16,523.04,0.0,0.0,44.26,38.19,2019,4,0
2988,2988,2019-04-23,Eastern,511.16,519.06,0.0,0.0,44.26,46.29,2019,4,0
2993,2993,2019-04-24,Eastern,511.16,531.87,0.0,0.0,44.26,53.87,2019,4,0
2998,2998,2019-04-25,Eastern,511.16,556.14,0.0,0.0,44.26,59.11,2019,4,0
3003,3003,2019-04-26,Eastern,511.16,541.47,0.0,0.0,44.26,61.46,2019,4,0
3008,3008,2019-04-27,Eastern,511.16,535.03,0.0,0.0,44.26,62.28,2019,4,0
3013,3013,2019-04-28,Eastern,511.16,523.95,0.0,0.0,44.26,66.48,2019,4,0
3018,3018,2019-04-29,Eastern,511.16,552.14,0.0,0.0,44.26,66.36,2019,4,0
3023,3023,2019-04-30,Eastern,511.16,530.5,0.0,0.0,44.26,68.71,2019,4,0
3028,3028,2019-05-01,Eastern,516.85,482.56,0.0,0.0,53.28,74.23,2019,5,0
3033,3033,2019-05-02,Eastern,516.85,494.04,0.0,0.0,53.28,72.42,2019,5,0
3038,3038,2019-05-03,Eastern,516.85,441.69,0.0,0.0,53.28,61.34,2019,5,0
3043,3043,2019-05-04,Eastern,528.1,418.03,0.0,0.0,53.28,67.41,2019,5,0
3048,3048,2019-05-05,Eastern,528.1,464.79,0.0,0.0,53.28,70.06,2019,5,0
3053,3053,2019-05-06,Eastern,534.18,501.55,0.0,0.0,53.28,69.94,2019,5,0
3058,3058,2019-05-07,Eastern,534.18,515.94,0.0,0.0,53.28,61.43,2019,5,0
3063,3063,2019-05-08,Eastern,539.76,530.79,0.0,0.0,53.28,71.07,2019,5,0
3068,3068,2019-05-09,Eastern,539.76,548.81,0.0,0.0,53.28,75.78,2019,5,0
3073,3073,2019-05-10,Eastern,539.76,554.74,0.0,0.0,53.28,73.03,2019,5,0
3078,3078,2019-05-11,Eastern,539.76,547.32,0.0,0.0,53.28,72.84,2019,5,0
3083,3083,2019-05-12,Eastern,539.76,528.79,0.0,0.0,53.28,73.05,2019,5,0
3088,3088,2019-05-13,Eastern,539.76,527.54,0.0,0.0,53.28,65.98,2019,5,0
3093,3093,2019-05-14,Eastern,530.07,502.35,0.0,0.0,53.28,59.79,2019,5,0
3098,3098,2019-05-15,Eastern,530.07,527.32,0.0,0.0,53.28,53.41,2019,5,0
3103,3103,2019-05-16,Eastern,530.07,539.31,0.0,0.0,53.28,57.41,2019,5,0
3108,3108,2019-05-17,Eastern,530.07,535.62,0.0,0.0,53.28,61.83,2019,5,0
3113,3113,2019-05-18,Eastern,530.07,533.36,0.0,0.0,53.28,61.87,2019,5,0
3118,3118,2019-05-19,Eastern,530.07,528.07,0.0,0.0,53.28,63.01,2019,5,0
3123,3123,2019-05-20,Eastern,530.07,541.9,0.0,0.0,53.28,65.92,2019,5,0
3128,3128,2019-05-21,Eastern,530.07,546.19,0.0,0.0,53.28,63.93,2019,5,0
3133,3133,2019-05-22,Eastern,530.07,555.98,0.0,0.0,53.28,63.27,2019,5,0
3138,3138,2019-05-23,Eastern,530.07,521.22,0.0,0.0,53.28,69.21,2019,5,0
3143,3143,2019-05-24,Eastern,530.07,513.15,0.0,0.0,53.28,69.09,2019,5,0
3148,3148,2019-05-25,Eastern,530.07,510.84,0.0,0.0,53.28,65.49,2019,5,0
3153,3153,2019-05-26,Eastern,530.07,498.26,0.0,0.0,53.28,74.0,2019,5,0
3158,3158,2019-05-27,Eastern,530.07,528.87,0.0,0.0,53.28,82.01,2019,5,0
3163,3163,2019-05-28,Eastern,530.07,520.87,0.0,0.0,53.28,70.02,2019,5,0
3168,3168,2019-05-29,Eastern,530.07,518.85,0.0,0.0,53.28,67.96,2019,5,0
3173,3173,2019-05-30,Eastern,530.07,521.27,0.0,0.0,53.28,72.82,2019,5,0
3178,3178,2019-05-31,Eastern,530.07,518.63,0.0,0.0,53.28,58.79,2019,5,0
3183,3183,2019-06-01,Eastern,510.69,538.77,0.0,0.0,66.73,59.8,2019,6,0
3188,3188,2019-06-02,Eastern,510.69,512.13,0.0,0.0,66.73,60.27,2019,6,0
3193,3193,2019-06-03,Eastern,510.69,499.86,0.0,0.0,66.73,56.16,2019,6,0
3198,3198,2019-06-04,Eastern,510.69,544.26,0.0,0.0,66.73,66.93,2019,6,0
3203,3203,2019-06-05,Eastern,510.69,558.29,0.0,0.0,66.73,67.19,2019,6,0
3208,3208,2019-06-06,Eastern,507.69,550.8,0.0,0.0,66.73,67.28,2019,6,0
3213,3213,2019-06-07,Eastern,507.69,539.68,0.0,0.0,66.73,71.54,2019,6,0
3218,3218,2019-06-08,Eastern,507.69,521.95,0.0,0.0,66.73,82.06,2019,6,0
3223,3223,2019-06-09,Eastern,507.69,523.8,0.0,0.0,66.73,85.17,2019,6,0
3228,3228,2019-06-10,Eastern,507.69,531.64,0.0,0.0,66.73,84.26,2019,6,0
3233,3233,2019-06-11,Eastern,507.69,521.55,0.0,0.0,66.73,73.05,2019,6,0
3238,3238,2019-06-12,Eastern,507.69,503.61,0.0,0.0,66.73,76.87,2019,6,0
3243,3243,2019-06-13,Eastern,507.69,458.81,0.0,0.0,66.73,69.56,2019,6,0
3248,3248,2019-06-14,Eastern,507.69,528.89,0.0,0.0,66.73,58.12,2019,6,0
3253,3253,2019-06-15,Eastern,507.69,501.09,0.0,0.0,66.73,73.26,2019,6,0
3258,3258,2019-06-16,Eastern,507.36,475.77,0.0,0.0,66.73,73.4,2019,6,0
3263,3263,2019-06-17,Eastern,507.36,497.52,0.0,0.0,66.73,60.67,2019,6,0
3268,3268,2019-06-18,Eastern,507.36,500.64,0.0,0.0,66.73,46.87,2019,6,0
3273,3273,2019-06-19,Eastern,516.53,508.21,0.0,0.0,66.73,76.39,2019,6,0
3278,3278,2019-06-20,Eastern,516.53,509.55,0.0,0.0,66.73,77.83,2019,6,0
3283,3283,2019-06-21,Eastern,505.98,487.06,0.0,0.0,66.73,70.57,2019,6,0
3288,3288,2019-06-22,Eastern,505.98,488.13,0.0,0.0,66.73,73.21,2019,6,0
3293,3293,2019-06-23,Eastern,505.98,480.29,0.0,0.0,66.73,81.17,2019,6,0
3298,3298,2019-06-24,Eastern,502.37,493.89,0.0,0.0,66.73,79.87,2019,6,0
3303,3303,2019-06-25,Eastern,498.08,497.36,0.0,0.0,66.73,81.59,2019,6,0
3308,3308,2019-06-26,Eastern,498.08,482.34,0.0,0.0,66.73,74.87,2019,6,0
3313,3313,2019-06-27,Eastern,498.08,477.51,0.0,0.0,66.73,77.43,2019,6,0
3318,3318,2019-06-28,Eastern,498.08,486.72,0.0,0.0,66.73,71.8,2019,6,0
3323,3323,2019-06-29,Eastern,498.08,505.32,0.0,0.0,66.73,76.03,2019,6,0
3328,3328,2019-06-30,Eastern,498.08,469.75,0.0,0.0,66.73,74.75,2019,6,0
3333,3333,2019-07-01,Eastern,483.72,507.2,0.0,0.0,83.26,70.91,2019,7,0
3338,3338,2019-07-02,Eastern,483.72,499.51,0.0,0.0,83.26,74.62,2019,7,0
3343,3343,2019-07-03,Eastern,483.72,484.63,0.0,0.0,83.26,72.7,2019,7,0
3348,3348,2019-07-04,Eastern,483.72,481.6,0.0,0.0,83.26,76.91,2019,7,0
3353,3353,2019-07-05,Eastern,483.72,480.93,0.0,0.0,83.26,78.68,2019,7,0
3358,3358,2019-07-06,Eastern,491.26,466.6,0.0,0.0,83.26,75.18,2019,7,0
3363,3363,2019-07-07,Eastern,491.26,428.01,0.0,0.0,83.26,79.44,2019,7,0
3368,3368,2019-07-08,Eastern,499.13,443.85,0.0,0.0,83.26,83.29,2019,7,0
3373,3373,2019-07-09,Eastern,499.13,439.35,0.0,0.0,83.26,81.06,2019,7,0
3378,3378,2019-07-10,Eastern,500.4,459.55,0.0,0.0,83.26,75.54,2019,7,0
3383,3383,2019-07-11,Eastern,497.7,444.15,0.0,0.0,83.26,74.6,2019,7,0
3388,3388,2019-07-12,Eastern,493.52,465.58,0.0,0.0,83.26,75.26,2019,7,0
3393,3393,2019-07-13,Eastern,493.52,477.59,0.0,0.0,83.26,69.67,2019,7,0
3398,3398,2019-07-14,Eastern,493.52,444.42,0.0,0.0,83.26,58.9,2019,7,0
3403,3403,2019-07-15,Eastern,490.81,450.43,0.0,0.0,83.26,69.93,2019,7,0
3408,3408,2019-07-16,Eastern,501.37,453.76,0.0,0.0,83.26,69.72,2019,7,0
3413,3413,2019-07-17,Eastern,501.37,468.3,0.0,0.0,83.26,78.48,2019,7,0
3418,3418,2019-07-18,Eastern,501.37,502.84,0.0,0.0,83.26,77.76,2019,7,0
3423,3423,2019-07-19,Eastern,501.37,507.32,0.0,0.0,83.26,60.36,2019,7,0
3428,3428,2019-07-20,Eastern,496.06,499.35,0.0,0.0,83.26,83.78,2019,7,0
3433,3433,2019-07-21,Eastern,496.06,497.42,0.0,0.0,83.26,80.92,2019,7,0
3438,3438,2019-07-22,Eastern,496.06,499.7,0.0,0.0,83.26,84.17,2019,7,0
3443,3443,2019-07-23,Eastern,496.06,504.66,0.0,0.0,83.26,80.39,2019,7,0
3448,3448,2019-07-24,Eastern,496.06,484.37,0.0,0.0,83.26,76.22,2019,7,0
3453,3453,2019-07-25,Eastern,491.98,445.44,0.0,0.0,83.26,70.86,2019,7,0
3458,3458,2019-07-26,Eastern,488.5,433.21,0.0,0.0,83.26,83.21,2019,7,0
3463,3463,2019-07-27,Eastern,488.5,419.17,0.0,0.0,83.26,85.56,2019,7,0
3468,3468,2019-07-28,Eastern,488.5,398.31,0.0,0.0,83.26,76.89,2019,7,0
3473,3473,2019-07-29,Eastern,488.5,403.81,0.0,0.0,83.26,72.13,2019,7,0
3478,3478,2019-07-30,Eastern,488.5,420.87,0.0,0.0,83.26,82.71,2019,7,0
3483,3483,2019-07-31,Eastern,491.5,425.96,0.0,0.0,83.26,83.51,2019,7,0
3488,3488,2019-08-01,Eastern,495.71,423.33,0.0,0.0,90.02,94.42,2019,8,0
3493,3493,2019-08-02,Eastern,495.71,415.84,0.0,0.0,90.02,96.94,2019,8,0
3498,3498,2019-08-03,Eastern,495.71,402.51,0.0,0.0,90.02,96.11,2019,8,0
3503,3503,2019-08-04,Eastern,496.96,384.85,0.0,0.0,90.02,80.81,2019,8,0
3508,3508,2019-08-05,Eastern,496.96,396.04,0.0,0.0,90.02,88.37,2019,8,0
3513,3513,2019-08-06,Eastern,496.96,373.49,0.0,0.0,90.02,78.98,2019,8,0
3518,3518,2019-08-07,Eastern,496.96,354.94,0.0,0.0,90.02,67.22,2019,8,0
3523,3523,2019-08-08,Eastern,496.96,371.71,0.0,0.0,90.02,65.3,2019,8,0
3528,3528,2019-08-09,Eastern,496.96,388.32,0.0,0.0,90.02,75.26,2019,8,0
3533,3533,2019-08-10,Eastern,496.96,389.96,0.0,0.0,90.02,63.21,2019,8,0
3538,3538,2019-08-11,Eastern,499.72,405.82,0.0,0.0,90.02,83.98,2019,8,0
3543,3543,2019-08-12,Eastern,496.9,437.17,0.0,0.0,90.02,81.31,2019,8,0
3548,3548,2019-08-13,Eastern,495.65,429.1,0.0,0.0,90.02,75.41,2019,8,0
3553,3553,2019-08-14,Eastern,495.65,409.09,0.0,0.0,90.02,80.16,2019,8,0
3558,3558,2019-08-15,Eastern,496.0,360.93,0.0,0.0,90.02,84.87,2019,8,0
3563,3563,2019-08-16,Eastern,492.04,389.61,0.0,0.0,90.02,87.26,2019,8,0
3568,3568,2019-08-17,Eastern,488.04,386.88,0.0,0.0,90.02,87.03,2019,8,0
3573,3573,2019-08-18,Eastern,488.04,377.75,0.0,0.0,90.02,88.46,2019,8,0
3578,3578,2019-08-19,Eastern,488.04,411.18,0.0,0.0,90.02,85.62,2019,8,0
3583,3583,2019-08-20,Eastern,491.62,404.51,0.0,0.0,90.02,95.71,2019,8,0
3588,3588,2019-08-21,Eastern,488.2,408.59,0.0,0.0,90.02,86.93,2019,8,0
3593,3593,2019-08-22,Eastern,488.2,410.05,0.0,0.0,90.02,87.97,2019,8,0
3598,3598,2019-08-23,Eastern,488.2,389.63,0.0,0.0,90.02,92.03,2019,8,0
3603,3603,2019-08-24,Eastern,496.46,387.42,0.0,0.0,90.02,100.73,2019,8,0
3608,3608,2019-08-25,Eastern,496.46,398.47,0.0,0.0,90.02,102.63,2019,8,0
3613,3613,2019-08-26,Eastern,496.46,415.87,0.0,0.0,90.02,99.6,2019,8,0
3618,3618,2019-08-27,Eastern,492.31,426.29,0.0,0.0,90.02,104.53,2019,8,0
3623,3623,2019-08-28,Eastern,496.98,427.13,0.0,0.0,90.02,100.68,2019,8,0
3628,3628,2019-08-29,Eastern,496.98,430.44,0.0,0.0,90.02,104.85,2019,8,0
3633,3633,2019-08-30,Eastern,496.98,445.33,0.0,0.0,90.02,103.99,2019,8,0
3638,3638,2019-08-31,Eastern,496.98,475.44,0.0,0.0,90.02,99.5,2019,8,0
3643,3643,2019-09-01,Eastern,510.82,453.61,0.0,0.0,86.01,100.03,2019,9,0
3648,3648,2019-09-02,Eastern,510.82,464.04,0.0,0.0,86.01,95.01,2019,9,0
3653,3653,2019-09-03,Eastern,500.22,477.75,0.0,0.0,86.01,92.62,2019,9,0
3658,3658,2019-09-04,Eastern,500.22,484.3,0.0,0.0,86.01,92.66,2019,9,0
3663,3663,2019-09-05,Eastern,500.22,483.51,0.0,0.0,86.01,95.16,2019,9,0
3668,3668,2019-09-06,Eastern,500.22,484.18,0.0,0.0,86.01,89.14,2019,9,0
3673,3673,2019-09-07,Eastern,500.22,467.25,0.0,0.0,86.01,90.46,2019,9,0
3678,3678,2019-09-08,Eastern,500.22,435.81,0.0,0.0,86.01,95.1,2019,9,0
3683,3683,2019-09-09,Eastern,500.87,452.97,0.0,0.0,86.01,101.54,2019,9,0
3688,3688,2019-09-10,Eastern,500.87,466.78,0.0,0.0,86.01,103.28,2019,9,0
3693,3693,2019-09-11,Eastern,500.87,465.61,0.0,0.0,86.01,105.58,2019,9,0
3698,3698,2019-09-12,Eastern,500.87,437.6,0.0,0.0,86.01,102.69,2019,9,0
3703,3703,2019-09-13,Eastern,500.87,418.06,0.0,0.0,86.01,103.72,2019,9,0
3708,3708,2019-09-14,Eastern,500.87,441.02,0.0,0.0,86.01,101.91,2019,9,0
3713,3713,2019-09-15,Eastern,495.87,427.4,0.0,0.0,86.01,104.93,2019,9,0
3718,3718,2019-09-16,Eastern,495.87,449.87,0.0,0.0,86.01,100.77,2019,9,0
3723,3723,2019-09-17,Eastern,495.87,450.47,0.0,0.0,86.01,91.09,2019,9,0
3728,3728,2019-09-18,Eastern,495.87,443.45,0.0,0.0,86.01,82.66,2019,9,0
3733,3733,2019-09-19,Eastern,495.87,454.44,0.0,0.0,86.01,96.58,2019,9,0
3738,3738,2019-09-20,Eastern,495.87,464.31,0.0,0.0,86.01,98.55,2019,9,0
3743,3743,2019-09-21,Eastern,504.67,469.18,0.0,0.0,86.01,90.79,2019,9,0
3748,3748,2019-09-22,Eastern,509.67,448.99,0.0,0.0,86.01,89.36,2019,9,0
3753,3753,2019-09-23,Eastern,509.67,465.57,0.0,0.0,86.01,89.22,2019,9,0
3758,3758,2019-09-24,Eastern,509.67,431.02,0.0,0.0,86.01,92.88,2019,9,0
3763,3763,2019-09-25,Eastern,509.67,403.27,0.0,0.0,86.01,69.53,2019,9,0
3768,3768,2019-09-26,Eastern,513.67,391.97,0.0,0.0,86.01,73.8,2019,9,0
3773,3773,2019-09-27,Eastern,513.67,388.32,0.0,0.0,86.01,84.17,2019,9,0
3778,3778,2019-09-28,Eastern,524.27,371.31,0.0,0.0,86.01,82.22,2019,9,0
3783,3783,2019-09-29,Eastern,526.57,329.95,0.0,0.0,86.01,77.81,2019,9,0
3788,3788,2019-09-30,Eastern,526.57,328.27,0.0,0.0,86.01,88.67,2019,9,0
3793,3793,2019-10-01,Eastern,530.46,345.83,0.0,0.0,64.81,90.19,2019,10,0
3798,3798,2019-10-02,Eastern,530.46,371.1,0.0,0.0,64.81,88.38,2019,10,0
3803,3803,2019-10-03,Eastern,530.46,402.84,0.0,0.0,64.81,95.33,2019,10,0
3808,3808,2019-10-04,Eastern,530.46,433.06,0.0,0.0,64.81,105.92,2019,10,0
3813,3813,2019-10-05,Eastern,530.46,455.42,0.0,0.0,64.81,91.02,2019,10,0
3818,3818,2019-10-06,Eastern,530.46,430.3,0.0,0.0,64.81,82.88,2019,10,0
3823,3823,2019-10-07,Eastern,530.46,416.73,0.0,0.0,64.81,79.35,2019,10,0
3828,3828,2019-10-08,Eastern,530.46,384.79,0.0,0.0,64.81,78.0,2019,10,0
3833,3833,2019-10-09,Eastern,528.19,388.32,0.0,0.0,64.81,87.17,2019,10,0
3838,3838,2019-10-10,Eastern,528.19,414.17,0.0,0.0,64.81,89.64,2019,10,0
3843,3843,2019-10-11,Eastern,528.19,422.06,0.0,0.0,64.81,89.45,2019,10,0
3848,3848,2019-10-12,Eastern,528.19,437.83,0.0,0.0,64.81,87.63,2019,10,0
3853,3853,2019-10-13,Eastern,528.19,433.47,0.0,0.0,64.81,80.06,2019,10,0
3858,3858,2019-10-14,Eastern,528.19,451.03,0.0,0.0,64.81,79.85,2019,10,0
3863,3863,2019-10-15,Eastern,528.19,464.97,0.0,0.0,64.81,78.8,2019,10,0
3868,3868,2019-10-16,Eastern,528.19,466.91,0.0,0.0,64.81,74.07,2019,10,0
3873,3873,2019-10-17,Eastern,528.19,454.64,0.0,0.0,64.81,75.77,2019,10,0
3878,3878,2019-10-18,Eastern,528.19,462.95,0.0,0.0,64.81,74.54,2019,10,0
3883,3883,2019-10-19,Eastern,528.19,455.96,0.0,0.0,64.81,73.25,2019,10,0
3888,3888,2019-10-20,Eastern,528.19,438.83,0.0,0.0,64.81,68.23,2019,10,0
3893,3893,2019-10-21,Eastern,528.19,426.52,0.0,0.0,64.81,67.59,2019,10,0
3898,3898,2019-10-22,Eastern,528.19,431.44,0.0,0.0,64.81,66.35,2019,10,0
3903,3903,2019-10-23,Eastern,528.19,438.77,0.0,0.0,64.81,61.47,2019,10,0
3908,3908,2019-10-24,Eastern,528.19,416.14,0.0,0.0,64.81,63.73,2019,10,0
3913,3913,2019-10-25,Eastern,528.19,390.9,0.0,0.0,64.81,63.93,2019,10,0
3918,3918,2019-10-26,Eastern,528.19,372.94,0.0,0.0,64.81,64.09,2019,10,0
3923,3923,2019-10-27,Eastern,528.19,374.66,0.0,0.0,64.81,64.09,2019,10,0
3928,3928,2019-10-28,Eastern,528.19,382.96,0.0,0.0,64.81,68.18,2019,10,0
3933,3933,2019-10-29,Eastern,527.42,391.34,0.0,0.0,64.81,62.07,2019,10,0
3938,3938,2019-10-30,Eastern,527.42,392.62,0.0,0.0,64.81,64.54,2019,10,0
3943,3943,2019-10-31,Eastern,527.42,402.32,0.0,0.0,64.81,62.07,2019,10,0
3948,3948,2019-11-01,Eastern,480.63,401.7,0.0,0.0,37.92,63.16,2019,11,0
3953,3953,2019-11-02,Eastern,480.63,425.24,0.0,0.0,37.92,58.06,2019,11,0
3958,3958,2019-11-03,Eastern,480.63,438.64,0.0,0.0,37.92,50.98,2019,11,0
3963,3963,2019-11-04,Eastern,480.63,459.75,0.0,0.0,37.92,53.8,2019,11,0
3968,3968,2019-11-05,Eastern,480.63,472.65,0.0,0.0,37.92,49.49,2019,11,0
3973,3973,2019-11-06,Eastern,480.63,494.02,0.0,0.0,37.92,44.33,2019,11,0
3978,3978,2019-11-07,Eastern,480.63,463.5,0.0,0.0,37.92,42.38,2019,11,0
3983,3983,2019-11-08,Eastern,484.24,449.91,0.0,0.0,37.92,40.23,2019,11,0
3988,3988,2019-11-09,Eastern,484.24,434.75,0.0,0.0,37.92,40.48,2019,11,0
3993,3993,2019-11-10,Eastern,474.57,425.11,0.0,0.0,37.92,44.05,2019,11,0
3998,3998,2019-11-11,Eastern,474.57,456.92,0.0,0.0,37.92,42.83,2019,11,0
4003,4003,2019-11-12,Eastern,471.22,451.63,0.0,0.0,37.92,45.91,2019,11,0
4008,4008,2019-11-13,Eastern,471.22,456.31,0.0,0.0,37.92,42.81,2019,11,0
4013,4013,2019-11-14,Eastern,471.22,463.33,0.0,0.0,37.92,37.98,2019,11,0
4018,4018,2019-11-15,Eastern,484.03,478.46,0.0,0.0,37.92,39.36,2019,11,0
4023,4023,2019-11-16,Eastern,474.7,486.77,0.0,0.0,37.92,39.3,2019,11,0
4028,4028,2019-11-17,Eastern,474.7,463.35,0.0,0.0,37.92,32.87,2019,11,0
4033,4033,2019-11-18,Eastern,474.7,494.38,0.0,0.0,37.92,37.52,2019,11,0
4038,4038,2019-11-19,Eastern,478.05,512.93,0.0,0.0,37.92,38.55,2019,11,0
4043,4043,2019-11-20,Eastern,478.05,506.26,0.0,0.0,37.92,38.45,2019,11,0
4048,4048,2019-11-21,Eastern,478.05,477.12,0.0,0.0,37.92,35.37,2019,11,0
4053,4053,2019-11-22,Eastern,478.05,474.62,0.0,0.0,37.92,35.15,2019,11,0
4058,4058,2019-11-23,Eastern,478.05,477.91,0.0,0.0,37.92,30.98,2019,11,0
4063,4063,2019-11-24,Eastern,474.7,472.58,0.0,0.0,37.92,84.04,2019,11,0
4068,4068,2019-11-25,Eastern,474.7,485.56,0.0,0.0,37.92,30.36,2019,11,0
4073,4073,2019-11-26,Eastern,474.7,469.71,0.0,0.0,37.92,28.5,2019,11,0
4078,4078,2019-11-27,Eastern,474.7,467.05,0.0,0.0,37.92,24.12,2019,11,0
4083,4083,2019-11-28,Eastern,474.7,466.69,0.0,0.0,37.92,26.02,2019,11,0
4088,4088,2019-11-29,Eastern,478.2,466.84,0.0,0.0,37.92,32.55,2019,11,0
4093,4093,2019-11-30,Eastern,478.2,467.16,0.0,0.0,37.92,30.39,2019,11,0
4098,4098,2019-12-01,Eastern,470.22,456.47,0.0,0.0,25.63,26.69,2019,12,0
4103,4103,2019-12-02,Eastern,464.6,472.86,0.0,0.0,25.63,29.95,2019,12,0
4108,4108,2019-12-03,Eastern,464.6,488.24,0.0,0.0,25.63,23.97,2019,12,0
4113,4113,2019-12-04,Eastern,467.64,474.32,0.0,0.0,25.63,25.4,2019,12,0
4118,4118,2019-12-05,Eastern,467.64,480.52,0.0,0.0,25.63,18.06,2019,12,0
4123,4123,2019-12-06,Eastern,486.52,475.91,0.0,0.0,25.63,25.63,2019,12,0
4128,4128,2019-12-07,Eastern,486.52,475.01,0.0,0.0,25.63,23.74,2019,12,0
4133,4133,2019-12-08,Eastern,486.52,458.64,0.0,0.0,25.63,30.36,2019,12,0
4138,4138,2019-12-09,Eastern,486.52,449.2,0.0,0.0,25.63,41.88,2019,12,0
4143,4143,2019-12-10,Eastern,490.61,472.14,0.0,0.0,25.63,40.9,2019,12,0
4148,4148,2019-12-11,Eastern,487.61,495.95,0.0,0.0,25.63,35.3,2019,12,0
4153,4153,2019-12-12,Eastern,487.61,495.2,0.0,0.0,25.63,33.13,2019,12,0
4158,4158,2019-12-13,Eastern,487.61,464.6,0.0,0.0,25.63,33.3,2019,12,0
4163,4163,2019-12-14,Eastern,487.61,477.59,0.0,0.0,25.63,23.63,2019,12,0
4168,4168,2019-12-15,Eastern,487.61,463.7,0.0,0.0,25.63,24.33,2019,12,0
4173,4173,2019-12-16,Eastern,487.61,477.76,0.0,0.0,25.63,27.61,2019,12,0
4178,4178,2019-12-17,Eastern,487.61,480.24,0.0,0.0,25.63,29.74,2019,12,0
4183,4183,2019-12-18,Eastern,487.61,486.96,0.0,0.0,25.63,33.44,2019,12,0
4188,4188,2019-12-19,Eastern,487.61,490.95,0.0,0.0,25.63,32.3,2019,12,0
4193,4193,2019-12-20,Eastern,487.65,497.85,0.0,0.0,25.63,35.11,2019,12,0
4198,4198,2019-12-21,Eastern,483.8,495.35,0.0,0.0,25.63,30.69,2019,12,0
4203,4203,2019-12-22,Eastern,483.8,464.07,0.0,0.0,25.63,26.79,2019,12,0
4208,4208,2019-12-23,Eastern,479.85,466.78,0.0,0.0,25.63,31.61,2019,12,0
4213,4213,2019-12-24,Eastern,479.85,478.71,0.0,0.0,25.63,26.69,2019,12,0
4218,4218,2019-12-25,Eastern,479.56,479.94,0.0,0.0,25.63,26.69,2019,12,0
4223,4223,2019-12-26,Eastern,485.39,484.45,0.0,0.0,25.63,24.7,2019,12,0
4228,4228,2019-12-27,Eastern,490.97,486.3,0.0,0.0,25.63,28.65,2019,12,0
4233,4233,2019-12-28,Eastern,490.97,482.81,0.0,0.0,25.63,26.58,2019,12,0
4238,4238,2019-12-29,Eastern,490.97,463.46,0.0,0.0,25.63,24.66,2019,12,0
4243,4243,2019-12-30,Eastern,490.97,475.78,0.0,0.0,25.63,30.25,2019,12,0
4248,4248,2019-12-31,Eastern,490.97,483.53,0.0,0.0,25.63,30.88,2019,12,0
4253,4253,2020-01-01,Eastern,484.74,458.18,0.0,0.0,23.17,27.81,2020,1,0
4258,4258,2020-01-02,Eastern,484.74,470.49,0.0,0.0,23.17,31.83,2020,1,0
4263,4263,2020-01-03,Eastern,484.74,465.94,0.0,0.0,23.17,31.74,2020,1,0
4268,4268,2020-01-04,Eastern,484.74,470.49,0.0,0.0,23.17,28.93,2020,1,0
4273,4273,2020-01-05,Eastern,510.11,462.66,0.0,0.0,23.17,25.22,2020,1,0
4278,4278,2020-01-06,Eastern,510.11,476.14,0.0,0.0,23.17,27.55,2020,1,0
4283,4283,2020-01-07,Eastern,510.11,469.2,0.0,0.0,23.17,29.77,2020,1,0
4288,4288,2020-01-08,Eastern,510.11,473.81,0.0,0.0,23.17,27.75,2020,1,0
4293,4293,2020-01-09,Eastern,510.11,463.76,0.0,0.0,23.17,32.44,2020,1,0
4298,4298,2020-01-10,Eastern,510.11,450.08,0.0,0.0,23.17,27.77,2020,1,0
4303,4303,2020-01-11,Eastern,510.11,468.26,0.0,0.0,23.17,24.39,2020,1,0
4308,4308,2020-01-12,Eastern,510.11,474.87,0.0,0.0,23.17,28.7,2020,1,0
4313,4313,2020-01-13,Eastern,510.11,487.98,0.0,0.0,23.17,32.18,2020,1,0
4318,4318,2020-01-14,Eastern,510.11,482.37,0.0,0.0,23.17,26.86,2020,1,0
4323,4323,2020-01-15,Eastern,495.68,473.97,0.0,0.0,23.17,28.22,2020,1,0
4328,4328,2020-01-16,Eastern,489.52,469.56,0.0,0.0,23.17,25.82,2020,1,0
4333,4333,2020-01-17,Eastern,489.26,498.41,0.0,0.0,23.17,28.17,2020,1,0
4338,4338,2020-01-18,Eastern,489.26,510.86,0.0,0.0,23.17,28.55,2020,1,0
4343,4343,2020-01-19,Eastern,489.26,492.02,0.0,0.0,23.17,21.59,2020,1,0
4348,4348,2020-01-20,Eastern,489.26,505.42,0.0,0.0,23.17,31.98,2020,1,0
4353,4353,2020-01-21,Eastern,489.52,502.75,0.0,0.0,23.17,31.18,2020,1,0
4358,4358,2020-01-22,Eastern,489.52,495.54,0.0,0.0,23.17,29.79,2020,1,0
4363,4363,2020-01-23,Eastern,489.52,498.62,0.0,0.0,23.17,27.98,2020,1,0
4368,4368,2020-01-24,Eastern,489.52,509.19,0.0,0.0,23.17,30.62,2020,1,0
4373,4373,2020-01-25,Eastern,489.52,525.7,0.0,0.0,23.17,30.28,2020,1,0
4378,4378,2020-01-26,Eastern,489.52,501.94,0.0,0.0,23.17,22.9,2020,1,0
4383,4383,2020-01-27,Eastern,489.52,510.1,0.0,0.0,23.17,31.64,2020,1,0
4388,4388,2020-01-28,Eastern,489.52,511.96,0.0,0.0,23.17,31.02,2020,1,0
4393,4393,2020-01-29,Eastern,489.52,517.56,0.0,0.0,23.17,30.19,2020,1,0
4398,4398,2020-01-30,Eastern,489.52,519.01,0.0,0.0,23.17,30.46,2020,1,0
4403,4403,2020-01-31,Eastern,489.52,507.92,0.0,0.0,23.17,30.12,2020,1,0
4408,4408,2020-02-01,Eastern,486.69,492.27,0.0,0.0,24.51,25.56,2020,2,0
4413,4413,2020-02-02,Eastern,486.69,472.66,0.0,0.0,24.51,21.52,2020,2,0
4418,4418,2020-02-03,Eastern,486.69,481.33,0.0,0.0,24.51,28.2,2020,2,0
4423,4423,2020-02-04,Eastern,493.54,517.76,0.0,0.0,24.51,27.77,2020,2,0
4428,4428,2020-02-05,Eastern,493.54,503.72,0.0,0.0,24.51,34.88,2020,2,0
4433,4433,2020-02-06,Eastern,493.54,518.41,0.0,0.0,24.51,33.16,2020,2,0
4438,4438,2020-02-07,Eastern,493.54,523.25,0.0,0.0,24.51,31.99,2020,2,0
4443,4443,2020-02-08,Eastern,497.49,507.71,0.0,0.0,24.51,31.53,2020,2,0
4448,4448,2020-02-09,Eastern,497.49,484.92,0.0,0.0,24.51,27.31,2020,2,0
4453,4453,2020-02-10,Eastern,497.49,490.74,0.0,0.0,24.51,29.43,2020,2,0
4458,4458,2020-02-11,Eastern,497.49,502.33,0.0,0.0,24.51,34.53,2020,2,0
4463,4463,2020-02-12,Eastern,497.49,515.67,0.0,0.0,24.51,28.47,2020,2,0
4468,4468,2020-02-13,Eastern,497.49,532.18,0.0,0.0,24.51,26.68,2020,2,0
4473,4473,2020-02-14,Eastern,497.49,535.28,0.0,0.0,24.51,28.07,2020,2,0
4478,4478,2020-02-15,Eastern,497.49,511.67,0.0,0.0,24.51,33.72,2020,2,0
4483,4483,2020-02-16,Eastern,498.7,509.59,0.0,0.0,24.51,28.03,2020,2,0
4488,4488,2020-02-17,Eastern,498.7,528.97,0.0,0.0,24.51,33.42,2020,2,0
4493,4493,2020-02-18,Eastern,498.7,543.8,0.0,0.0,24.51,31.41,2020,2,0
4498,4498,2020-02-19,Eastern,498.7,538.55,0.0,0.0,24.51,34.48,2020,2,0
4503,4503,2020-02-20,Eastern,508.1,537.88,0.0,0.0,24.51,37.06,2020,2,0
4508,4508,2020-02-21,Eastern,508.1,532.65,0.0,0.0,24.51,24.77,2020,2,0
4513,4513,2020-02-22,Eastern,503.43,522.56,0.0,0.0,24.51,32.1,2020,2,0
4518,4518,2020-02-23,Eastern,503.43,514.24,0.0,0.0,24.51,25.49,2020,2,0
4523,4523,2020-02-24,Eastern,503.43,516.38,0.0,0.0,24.51,28.27,2020,2,0
4528,4528,2020-02-25,Eastern,503.43,529.3,0.0,0.0,24.51,40.66,2020,2,0
4533,4533,2020-02-26,Eastern,503.43,525.62,0.0,0.0,24.51,25.04,2020,2,0
4538,4538,2020-02-27,Eastern,503.43,521.06,0.0,0.0,24.51,23.93,2020,2,0
4543,4543,2020-02-28,Eastern,503.43,521.64,0.0,0.0,24.51,23.27,2020,2,0
4548,4548,2020-02-29,Eastern,503.43,509.59,0.0,0.0,24.51,27.12,2020,2,0
4553,4553,2020-03-01,Eastern,505.72,479.99,0.0,0.0,30.34,25.55,2020,3,0
4558,4558,2020-03-02,Eastern,505.72,524.91,0.0,0.0,30.34,27.45,2020,3,0
4563,4563,2020-03-03,Eastern,505.72,538.33,0.0,0.0,30.34,25.93,2020,3,0
4568,4568,2020-03-04,Eastern,505.72,523.65,0.0,0.0,30.34,25.81,2020,3,0
4573,4573,2020-03-05,Eastern,505.72,513.72,0.0,0.0,30.34,24.91,2020,3,0
4578,4578,2020-03-06,Eastern,505.72,493.04,0.0,0.0,30.34,28.14,2020,3,0
4583,4583,2020-03-07,Eastern,505.72,525.5,0.0,0.0,30.34,29.05,2020,3,0
4588,4588,2020-03-08,Eastern,505.72,505.94,0.0,0.0,30.34,27.33,2020,3,0
4593,4593,2020-03-09,Eastern,505.72,500.91,0.0,0.0,30.34,26.13,2020,3,0
4598,4598,2020-03-10,Eastern,505.72,442.48,0.0,0.0,30.34,26.51,2020,3,0
4603,4603,2020-03-11,Eastern,495.72,493.76,0.0,0.0,30.34,28.34,2020,3,0
4608,4608,2020-03-12,Eastern,495.72,535.4,0.0,0.0,30.34,26.05,2020,3,0
4613,4613,2020-03-13,Eastern,495.72,551.42,0.0,0.0,30.34,29.76,2020,3,0
4618,4618,2020-03-14,Eastern,495.72,541.77,0.0,0.0,30.34,29.42,2020,3,0
4623,4623,2020-03-15,Eastern,495.72,522.2,0.0,0.0,30.34,26.71,2020,3,0
4628,4628,2020-03-16,Eastern,498.78,563.73,0.0,0.0,30.34,30.22,2020,3,0
4633,4633,2020-03-17,Eastern,498.78,575.93,0.0,0.0,30.34,31.46,2020,3,0
4638,3,2020-06-01,Eastern,564.95,465.39,0.0,0.0,69.56,67.55,2020,6,0
4643,8,2020-06-02,Eastern,564.95,458.32,0.0,0.0,69.56,69.4,2020,6,0
4648,13,2020-06-03,Eastern,564.95,462.99,0.0,0.0,69.56,72.02,2020,6,0
4653,18,2020-06-04,Eastern,564.95,479.99,0.0,0.0,69.56,73.36,2020,6,0
4658,23,2020-06-05,Eastern,555.45,457.74,0.0,0.0,69.56,75.37,2020,6,0
4663,28,2020-06-06,Eastern,555.45,451.93,0.0,0.0,69.56,80.62,2020,6,0
4668,33,2020-06-07,Eastern,555.45,461.23,0.0,0.0,69.56,77.2,2020,6,0
4673,38,2020-06-08,Eastern,555.45,505.84,0.0,0.0,69.56,82.02,2020,6,0
4678,43,2020-06-09,Eastern,555.45,532.85,0.0,0.0,69.56,83.71,2020,6,0
4683,48,2020-06-10,Eastern,553.89,528.93,0.0,0.0,69.56,86.29,2020,6,0
4688,53,2020-06-11,Eastern,550.09,510.9,0.0,0.0,69.56,90.09,2020,6,0
4693,58,2020-06-12,Eastern,550.09,496.42,0.0,0.0,69.56,81.4,2020,6,0
4698,63,2020-06-13,Eastern,550.09,489.51,0.0,0.0,69.56,85.81,2020,6,0
4703,68,2020-06-14,Eastern,548.86,460.34,0.0,0.0,69.56,81.43,2020,6,0
4708,73,2020-06-15,Eastern,548.86,465.77,0.0,0.0,69.56,84.36,2020,6,0
4713,78,2020-06-16,Eastern,548.86,469.44,0.0,0.0,69.56,83.43,2020,6,0
4718,83,2020-06-17,Eastern,547.15,477.22,0.0,0.0,69.56,81.43,2020,6,0
4723,88,2020-06-18,Eastern,547.15,477.37,0.0,0.0,69.56,77.52,2020,6,0
4728,93,2020-06-19,Eastern,547.15,475.45,0.0,0.0,69.56,81.16,2020,6,0
4733,98,2020-06-20,Eastern,547.15,482.75,0.0,0.0,69.56,86.93,2020,6,0
4738,103,2020-06-21,Eastern,550.95,467.5,0.0,0.0,69.56,85.77,2020,6,0
4743,108,2020-06-22,Eastern,550.95,478.25,0.0,0.0,69.56,96.12,2020,6,0
4748,113,2020-06-23,Eastern,550.95,510.7,0.0,0.0,69.56,96.45,2020,6,0
4753,118,2020-06-24,Eastern,550.95,530.92,0.0,0.0,69.56,98.67,2020,6,0
4758,123,2020-06-25,Eastern,561.78,526.83,0.0,0.0,69.56,89.81,2020,6,0
4763,128,2020-06-26,Eastern,561.78,511.49,0.0,0.0,69.56,88.28,2020,6,0
4768,133,2020-06-27,Eastern,561.78,514.27,0.0,0.0,69.56,87.52,2020,6,0
4773,138,2020-06-28,Eastern,561.78,491.39,0.0,0.0,69.56,88.79,2020,6,0
4778,143,2020-06-29,Eastern,561.78,520.19,0.0,0.0,69.56,94.15,2020,6,0
4783,148,2020-06-30,Eastern,572.78,530.24,0.0,0.0,69.56,94.92,2020,6,0
4788,153,2020-07-01,Eastern,495.49,533.53,0.0,0.0,80.0,100.07,2020,7,0
4793,158,2020-07-02,Eastern,495.49,535.39,0.0,0.0,80.0,80.99,2020,7,0
4798,163,2020-07-03,Eastern,495.49,525.02,0.0,0.0,80.0,97.49,2020,7,0
4803,168,2020-07-04,Eastern,495.49,514.84,0.0,0.0,80.0,91.54,2020,7,0
4808,173,2020-07-05,Eastern,504.34,459.56,0.0,0.0,80.0,84.48,2020,7,0
4813,178,2020-07-06,Eastern,505.69,479.69,0.0,0.0,80.0,91.75,2020,7,0
4818,183,2020-07-07,Eastern,502.69,494.26,0.0,0.0,80.0,91.35,2020,7,0
4823,188,2020-07-08,Eastern,502.69,502.69,0.0,0.0,80.0,94.46,2020,7,0
4828,193,2020-07-09,Eastern,502.69,523.37,0.0,0.0,80.0,95.05,2020,7,0
4833,198,2020-07-10,Eastern,502.69,529.7,0.0,0.0,80.0,75.54,2020,7,0
4838,203,2020-07-11,Eastern,506.55,489.25,0.0,0.0,80.0,61.42,2020,7,0
4843,208,2020-07-12,Eastern,505.38,458.72,0.0,0.0,80.0,91.34,2020,7,0
4848,213,2020-07-13,Eastern,505.38,518.14,0.0,0.0,80.0,95.41,2020,7,0
4853,218,2020-07-14,Eastern,507.61,555.14,0.0,0.0,80.0,101.01,2020,7,0
4858,223,2020-07-15,Eastern,507.61,546.2,0.0,0.0,80.0,97.58,2020,7,0
4863,228,2020-07-16,Eastern,507.61,524.89,0.0,0.0,80.0,96.83,2020,7,0
4868,233,2020-07-17,Eastern,507.61,537.12,0.0,0.0,80.0,95.56,2020,7,0
4873,238,2020-07-18,Eastern,507.61,560.94,0.0,0.0,80.0,99.53,2020,7,0
4878,243,2020-07-19,Eastern,507.61,519.31,0.0,0.0,80.0,92.96,2020,7,0
4883,248,2020-07-20,Eastern,503.61,497.7,0.0,0.0,80.0,81.43,2020,7,0
4888,253,2020-07-21,Eastern,503.61,470.62,0.0,0.0,80.0,83.5,2020,7,0
4893,258,2020-07-22,Eastern,503.61,510.41,0.0,0.0,80.0,80.18,2020,7,0
4898,263,2020-07-23,Eastern,503.61,511.17,0.0,0.0,80.0,79.88,2020,7,0
4903,268,2020-07-24,Eastern,503.61,515.74,0.0,0.0,80.0,85.73,2020,7,0
4908,273,2020-07-25,Eastern,493.28,510.18,0.0,0.0,80.0,89.24,2020,7,0
4913,278,2020-07-26,Eastern,493.28,526.88,0.0,0.0,80.0,92.19,2020,7,0
4918,283,2020-07-27,Eastern,493.28,536.99,0.0,0.0,80.0,92.55,2020,7,0
4923,288,2020-07-28,Eastern,496.03,542.8,0.0,0.0,80.0,82.94,2020,7,0
4928,293,2020-07-29,Eastern,496.03,529.92,0.0,0.0,80.0,85.44,2020,7,0
4933,298,2020-07-30,Eastern,496.03,537.09,0.0,0.0,80.0,87.26,2020,7,0
4938,303,2020-07-31,Eastern,496.03,553.21,0.0,0.0,80.0,96.3,2020,7,0
4943,308,2020-08-01,Eastern,482.86,547.03,0.0,0.0,87.22,93.78,2020,8,0
